data_key,scope_order,in_scope,selected_channel_name,selected_channel_name_normalized,selected_channel_name_sort_key,network,feed,location,group_title,category_guess,language_guess,tvg_id,tvg_name,tvg_logo,match_key_tvg_id,match_key_tvg_name,match_key_channel_name,match_key_name_group,source_channel_order,source_duplicate_key,source_stream_host,notes
tvg_id::1,1,Y,A&E (East),A&E (East),a e east,A&E,East,,Entertainment,Entertainment,,1,A&E (East),,1,a and e east,a and e east,a and e east::entertainment,10,tvg_id::1,s2.thetvapp.to,Imported from reviewed in-scope channel inventory; raw stream URL intentionally excluded.
tvg_id::2,2,Y,ABC 7 WABC NEW YORK,ABC 7 WABC NEW YORK,abc 7 wabc new york,ABC,,"New York, NY",Local Channels,Local,,2,ABC 7 WABC NEW YORK,,2,abc 7 wabc new york,abc 7 wabc new york,abc 7 wabc new york::local channels,2777,tvg_id::2,s2.thetvapp.to,Imported from reviewed in-scope channel inventory; raw stream URL intentionally excluded.
tvg_id::3301,3,Y,ABC KGTV San Diego CA,ABC KGTV San Diego CA,abc kgtv san diego ca,ABC,,"San Diego, CA",Local Channels,Local,,3301,ABC KGTV San Diego CA,,3301,abc kgtv san diego ca,abc kgtv san diego ca,abc kgtv san diego ca::local channels,2847,tvg_id::3301,s2.thetvapp.to,Imported from reviewed in-scope channel inventory; raw stream URL intentionally excluded.
tvg_id::6,4,Y,AMC (East),AMC (East),amc east,AMC,East,,Entertainment,Entertainment,,6,AMC (East),,6,amc east,amc east,amc east::entertainment,11,tvg_id::6,s2.thetvapp.to,Imported from reviewed in-scope channel inventory; raw stream URL intentionally excluded.
tvg_id::7,5,Y,AMC (West),AMC (West),amc west,AMC,West,,Entertainment,Entertainment,,7,AMC (West),,7,amc west,amc west,amc west::entertainment,12,tvg_id::7,s2.thetvapp.to,Imported from reviewed in-scope channel inventory; raw stream URL intentionally excluded.
tvg_id::9,6,Y,Animal Planet (East),Animal Planet (East),animal planet east,Animal Planet,East,,Entertainment,Entertainment,,9,Animal Planet (East),,9,animal planet east,animal planet east,animal planet east::entertainment,14,tvg_id::9,s2.thetvapp.to,Imported from reviewed in-scope channel inventory; raw stream URL intentionally excluded.
tvg_id::10,7,Y,Animal Planet (West),Animal Planet (West),animal planet west,Animal Planet,West,,Entertainment,Entertainment,,10,Animal Planet (West),,10,animal planet west,animal planet west,animal planet west::entertainment,15,tvg_id::10,s2.thetvapp.to,Imported from reviewed in-scope channel inventory; raw stream URL intentionally excluded.
tvg_id::39,8,Y,Bravo (East),Bravo (East),bravo east,Bravo,East,,Entertainment,Entertainment,,39,Bravo (East),,39,bravo east,bravo east,bravo east::entertainment,31,tvg_id::39,s2.thetvapp.to,Imported from reviewed in-scope channel inventory; raw stream URL intentionally excluded.
tvg_id::40,9,Y,Bravo (West),Bravo (West),bravo west,Bravo,West,,Entertainment,Entertainment,,40,Bravo (West),,40,bravo west,bravo west,bravo west::entertainment,32,tvg_id::40,s2.thetvapp.to,Imported from reviewed in-scope channel inventory; raw stream URL intentionally excluded.
tvg_id::5100,10,Y,CA | San Diego | ABC KGTV,CA | San Diego | ABC KGTV,ca san diego abc kgtv,ABC,,"San Diego, CA",ABC - LOCAL,Local,,5100,CA | San Diego | ABC KGTV,,5100,ca san diego abc kgtv,ca san diego abc kgtv,ca san diego abc kgtv::abc local,3852,tvg_id::5100,s2.thetvapp.to,Imported from reviewed in-scope channel inventory; raw stream URL intentionally excluded.
tvg_id::5581,11,Y,CA | San Diego | CBS KFMB,CA | San Diego | CBS KFMB,ca san diego cbs kfmb,CBS,,"San Diego, CA",CBS - LOCAL,Local,,5581,CA | San Diego | CBS KFMB,,5581,ca san diego cbs kfmb,ca san diego cbs kfmb,ca san diego cbs kfmb::cbs local,4075,tvg_id::5581,s2.thetvapp.to,Imported from reviewed in-scope channel inventory; raw stream URL intentionally excluded.
tvg_id::5677,12,Y,CA | San Diego | FOX KSWB,CA | San Diego | FOX KSWB,ca san diego fox kswb,FOX,,"San Diego, CA",FOX - LOCAL,Local,,5677,CA | San Diego | FOX KSWB,,5677,ca san diego fox kswb,ca san diego fox kswb,ca san diego fox kswb::fox local,4171,tvg_id::5677,s2.thetvapp.to,Imported from reviewed in-scope channel inventory; raw stream URL intentionally excluded.
tvg_id::44,13,Y,CBS 2 (WCBS) New York,CBS 2 (WCBS) New York,cbs 2 wcbs new york,CBS,,"New York, NY",Local Channels,Local,,44,CBS 2 (WCBS) New York,,44,cbs 2 wcbs new york,cbs 2 wcbs new york,cbs 2 wcbs new york::local channels,2780,tvg_id::44,s2.thetvapp.to,Imported from reviewed in-scope channel inventory; raw stream URL intentionally excluded.
tvg_id::3300,14,Y,CBS KFMB San Diego CA,CBS KFMB San Diego CA,cbs kfmb san diego ca,CBS,,"San Diego, CA",Local Channels,Local,,3300,CBS KFMB San Diego CA,,3300,cbs kfmb san diego ca,cbs kfmb san diego ca,cbs kfmb san diego ca::local channels,2846,tvg_id::3300,s2.thetvapp.to,Imported from reviewed in-scope channel inventory; raw stream URL intentionally excluded.
tvg_id::47,15,Y,Cinemax East,Cinemax East,cinemax east,Cinemax,East,,Movies,Movies,,47,Cinemax East,,47,cinemax east,cinemax east,cinemax east::movies,144,tvg_id::47,s2.thetvapp.to,Imported from reviewed in-scope channel inventory; raw stream URL intentionally excluded.
tvg_id::48,16,Y,Cinemax West,Cinemax West,cinemax west,Cinemax,West,,Movies,Movies,,48,Cinemax West,,48,cinemax west,cinemax west,cinemax west::movies,145,tvg_id::48,s2.thetvapp.to,Imported from reviewed in-scope channel inventory; raw stream URL intentionally excluded.
tvg_id::49,17,Y,CMT,CMT,cmt,CMT,,,Entertainment,Entertainment,,49,CMT,,49,cmt,cmt,cmt::entertainment,33,tvg_id::49,s2.thetvapp.to,Imported from reviewed in-scope channel inventory; raw stream URL intentionally excluded.
tvg_id::51,18,Y,Comedy Central (East),Comedy Central (East),comedy central east,Comedy Central,East,,Entertainment,Entertainment,,51,Comedy Central (East),,51,comedy central east,comedy central east,comedy central east::entertainment,34,tvg_id::51,s2.thetvapp.to,Imported from reviewed in-scope channel inventory; raw stream URL intentionally excluded.
tvg_id::52,19,Y,Comedy Central (West),Comedy Central (West),comedy central west,Comedy Central,West,,Entertainment,Entertainment,,52,Comedy Central (West),,52,comedy central west,comedy central west,comedy central west::entertainment,35,tvg_id::52,s2.thetvapp.to,Imported from reviewed in-scope channel inventory; raw stream URL intentionally excluded.
tvg_id::54,20,Y,CW PIX11 (WPIX) New York,CW PIX11 (WPIX) New York,cw pix11 wpix new york,The CW,,"New York, NY",Local Channels,Local,,54,CW PIX11 (WPIX) New York,,54,cw pix11 wpix new york,cw pix11 wpix new york,cw pix11 wpix new york::local channels,2781,tvg_id::54,s2.thetvapp.to,Imported from reviewed in-scope channel inventory; raw stream URL intentionally excluded.
tvg_id::56,21,Y,Discovery Channel (East),Discovery Channel (East),discovery channel east,Discovery,East,,Entertainment,Entertainment,,56,Discovery Channel (East),,56,discovery channel east,discovery channel east,discovery channel east::entertainment,38,tvg_id::56,s2.thetvapp.to,Imported from reviewed in-scope channel inventory; raw stream URL intentionally excluded.
tvg_id::57,22,Y,Discovery Channel (West),Discovery Channel (West),discovery channel west,Discovery,West,,Entertainment,Entertainment,,57,Discovery Channel (West),,57,discovery channel west,discovery channel west,discovery channel west::entertainment,39,tvg_id::57,s2.thetvapp.to,Imported from reviewed in-scope channel inventory; raw stream URL intentionally excluded.
tvg_id::66,23,Y,E! (East),E! (East),e east,E! Entertainment,East,,Entertainment,Entertainment,,66,E! (East),,66,e east,e east,e east::entertainment,42,tvg_id::66,s2.thetvapp.to,Imported from reviewed in-scope channel inventory; raw stream URL intentionally excluded.
tvg_id::67,24,Y,E! (West),E! (West),e west,E! Entertainment,West,,Entertainment,Entertainment,,67,E! (West),,67,e west,e west,e west::entertainment,43,tvg_id::67,s2.thetvapp.to,Imported from reviewed in-scope channel inventory; raw stream URL intentionally excluded.
tvg_id::83,25,Y,Food Network (East),Food Network (East),food network east,Food Network,East,,Entertainment,Entertainment,,83,Food Network (East),,83,food network east,food network east,food network east::entertainment,44,tvg_id::83,s2.thetvapp.to,Imported from reviewed in-scope channel inventory; raw stream URL intentionally excluded.
tvg_id::84,26,Y,Food Network (West),Food Network (West),food network west,Food Network,West,,Entertainment,Entertainment,,84,Food Network (West),,84,food network west,food network west,food network west::entertainment,45,tvg_id::84,s2.thetvapp.to,Imported from reviewed in-scope channel inventory; raw stream URL intentionally excluded.
tvg_id::86,27,Y,FOX 5 (WNYW) New York,FOX 5 (WNYW) New York,fox 5 wnyw new york,FOX,,"New York, NY",Local Channels,Local,,86,FOX 5 (WNYW) New York,,86,fox 5 wnyw new york,fox 5 wnyw new york,fox 5 wnyw new york::local channels,2783,tvg_id::86,s2.thetvapp.to,Imported from reviewed in-scope channel inventory; raw stream URL intentionally excluded.
tvg_id::3303,28,Y,FOX KSWB San Diego CA,FOX KSWB San Diego CA,fox kswb san diego ca,FOX,,"San Diego, CA",Local Channels,Local,,3303,FOX KSWB San Diego CA,,3303,fox kswb san diego ca,fox kswb san diego ca,fox kswb san diego ca::local channels,2849,tvg_id::3303,s2.thetvapp.to,Imported from reviewed in-scope channel inventory; raw stream URL intentionally excluded.
tvg_id::89,29,Y,Freeform (West),Freeform (West),freeform west,Freeform,West,,Entertainment,Entertainment,,89,Freeform (West),,89,freeform west,freeform west,freeform west::entertainment,47,tvg_id::89,s2.thetvapp.to,Imported from reviewed in-scope channel inventory; raw stream URL intentionally excluded.
tvg_id::88,30,Y,Freeform East,Freeform East,freeform east,Freeform,East,,Entertainment,Entertainment,,88,Freeform East,,88,freeform east,freeform east,freeform east::entertainment,46,tvg_id::88,s2.thetvapp.to,Imported from reviewed in-scope channel inventory; raw stream URL intentionally excluded.
tvg_id::32,31,Y,FX (East),FX (East),fx east,FX,East,,Entertainment,Entertainment,,32,FX (East),,32,fx east,fx east,fx east::entertainment,26,tvg_id::32,s2.thetvapp.to,Imported from reviewed in-scope channel inventory; raw stream URL intentionally excluded.
tvg_id::33,32,Y,FX (West),FX (West),fx west,FX,West,,Entertainment,Entertainment,,33,FX (West),,33,fx west,fx west,fx west::entertainment,27,tvg_id::33,s2.thetvapp.to,Imported from reviewed in-scope channel inventory; raw stream URL intentionally excluded.
tvg_id::36,33,Y,FX Movie Channel (FXM),FX Movie Channel (FXM),fx movie channel fxm,FX Movie,,,Entertainment,Movies,,36,FX Movie Channel (FXM),,36,fx movie channel fxm,fx movie channel fxm,fx movie channel fxm::entertainment,30,tvg_id::36,s2.thetvapp.to,Imported from reviewed in-scope channel inventory; raw stream URL intentionally excluded.
tvg_id::34,34,Y,FXX (East),FXX (East),fxx east,FXX,East,,Entertainment,Entertainment,,34,FXX (East),,34,fxx east,fxx east,fxx east::entertainment,28,tvg_id::34,s2.thetvapp.to,Imported from reviewed in-scope channel inventory; raw stream URL intentionally excluded.
tvg_id::35,35,Y,FXX (West),FXX (West),fxx west,FXX,West,,Entertainment,Entertainment,,35,FXX (West),,35,fxx west,fxx west,fxx west::entertainment,29,tvg_id::35,s2.thetvapp.to,Imported from reviewed in-scope channel inventory; raw stream URL intentionally excluded.
tvg_id::98,36,Y,HBO (East),HBO (East),hbo east,HBO,East,,Movies,Movies,,98,HBO (East),,98,hbo east,hbo east,hbo east::movies,146,tvg_id::98,s2.thetvapp.to,Imported from reviewed in-scope channel inventory; raw stream URL intentionally excluded.
tvg_id::99,37,Y,HBO (West),HBO (West),hbo west,HBO,West,,Movies,Movies,,99,HBO (West),,99,hbo west,hbo west,hbo west::movies,147,tvg_id::99,s2.thetvapp.to,Imported from reviewed in-scope channel inventory; raw stream URL intentionally excluded.
tvg_id::102,38,Y,HBO Comedy (East),HBO Comedy (East),hbo comedy east,HBO,East,,Movies,Movies,,102,HBO Comedy (East),,102,hbo comedy east,hbo comedy east,hbo comedy east::movies,150,tvg_id::102,s2.thetvapp.to,Imported from reviewed in-scope channel inventory; raw stream URL intentionally excluded.
tvg_id::103,39,Y,HBO Comedy (West),HBO Comedy (West),hbo comedy west,HBO,West,,Movies,Movies,,103,HBO Comedy (West),,103,hbo comedy west,hbo comedy west,hbo comedy west::movies,151,tvg_id::103,s2.thetvapp.to,Imported from reviewed in-scope channel inventory; raw stream URL intentionally excluded.
tvg_id::100,40,Y,HBO Hits (East),HBO Hits (East),hbo hits east,HBO,East,,Movies,Movies,,100,HBO Hits (East),,100,hbo hits east,hbo hits east,hbo hits east::movies,148,tvg_id::100,s2.thetvapp.to,Imported from reviewed in-scope channel inventory; raw stream URL intentionally excluded.
tvg_id::101,41,Y,HBO Hits (West),HBO Hits (West),hbo hits west,HBO,West,,Movies,Movies,,101,HBO Hits (West),,101,hbo hits west,hbo hits west,hbo hits west::movies,149,tvg_id::101,s2.thetvapp.to,Imported from reviewed in-scope channel inventory; raw stream URL intentionally excluded.
tvg_id::104,42,Y,HGTV (East),HGTV (East),hgtv east,HGTV,East,,Entertainment,Entertainment,,104,HGTV (East),,104,hgtv east,hgtv east,hgtv east::entertainment,55,tvg_id::104,s2.thetvapp.to,Imported from reviewed in-scope channel inventory; raw stream URL intentionally excluded.
tvg_id::106,43,Y,Investigation Discovery (East),Investigation Discovery (East),investigation discovery east,Investigation Discovery,East,,Documentaries,Documentary,,106,Investigation Discovery (East),,106,investigation discovery east,investigation discovery east,investigation discovery east::documentaries,160,tvg_id::106,s2.thetvapp.to,Imported from reviewed in-scope channel inventory; raw stream URL intentionally excluded.
tvg_id::6389,44,Y,ION Television,ION Television,ion television,Ion,,,Entertainment,Entertainment,,6389,ION Television,,6389,ion television,ion television,ion television::entertainment,74,tvg_id::6389,s2.thetvapp.to,Imported from reviewed in-scope channel inventory; raw stream URL intentionally excluded.
tvg_id::3762,45,Y,KusiNews KUSI San Diego CA,KusiNews KUSI San Diego CA,kusinews kusi san diego ca,,,"KusiNews KUSI San Diego, CA",Local Channels,Local,,3762,KusiNews KUSI San Diego CA,,3762,kusinews kusi san diego ca,kusinews kusi san diego ca,kusinews kusi san diego ca::local channels,2929,tvg_id::3762,s2.thetvapp.to,Imported from reviewed in-scope channel inventory; raw stream URL intentionally excluded.
tvg_id::108,46,Y,Lifetime Television (East),Lifetime Television (East),lifetime television east,Lifetime,East,,Entertainment,Entertainment,,108,Lifetime Television (East),,108,lifetime television east,lifetime television east,lifetime television east::entertainment,57,tvg_id::108,s2.thetvapp.to,Imported from reviewed in-scope channel inventory; raw stream URL intentionally excluded.
tvg_id::109,47,Y,Logo (East),Logo (East),logo east,,East,,Entertainment,Entertainment,,109,Logo (East),,109,logo east,logo east,logo east::entertainment,58,tvg_id::109,s2.thetvapp.to,Imported from reviewed in-scope channel inventory; raw stream URL intentionally excluded.
tvg_id::20,48,Y,MTV (East),MTV (East),mtv east,MTV,East,,Entertainment,Entertainment,,20,MTV (East),,20,mtv east,mtv east,mtv east::entertainment,18,tvg_id::20,s2.thetvapp.to,Imported from reviewed in-scope channel inventory; raw stream URL intentionally excluded.
tvg_id::21,49,Y,MTV (West),MTV (West),mtv west,MTV,West,,Entertainment,Entertainment,,21,MTV (West),,21,mtv west,mtv west,mtv west::entertainment,19,tvg_id::21,s2.thetvapp.to,Imported from reviewed in-scope channel inventory; raw stream URL intentionally excluded.
tvg_id::22,50,Y,MTV2 (East),MTV2 (East),mtv2 east,MTV2,East,,Entertainment,Entertainment,,22,MTV2 (East),,22,mtv2 east,mtv2 east,mtv2 east::entertainment,20,tvg_id::22,s2.thetvapp.to,Imported from reviewed in-scope channel inventory; raw stream URL intentionally excluded.
tvg_id::23,51,Y,MTV2 (West),MTV2 (West),mtv2 west,MTV2,West,,Entertainment,Entertainment,,23,MTV2 (West),,23,mtv2 west,mtv2 west,mtv2 west::entertainment,21,tvg_id::23,s2.thetvapp.to,Imported from reviewed in-scope channel inventory; raw stream URL intentionally excluded.
tvg_id::3281,52,Y,MY 9 (WWOR) New York,MY 9 (WWOR) New York,my 9 wwor new york,,,"New York, NY",Local Channels,Local,,3281,MY 9 (WWOR) New York,,3281,my 9 wwor new york,my 9 wwor new york,my 9 wwor new york::local channels,2827,tvg_id::3281,s2.thetvapp.to,Imported from reviewed in-scope channel inventory; raw stream URL intentionally excluded.
tvg_id::111,53,Y,National Geographic (East),National Geographic (East),national geographic east,National Geographic,East,,Documentaries,,,111,National Geographic (East),,111,national geographic east,national geographic east,national geographic east::documentaries,161,tvg_id::111,s2.thetvapp.to,Imported from reviewed in-scope channel inventory; raw stream URL intentionally excluded.
tvg_id::114,54,Y,NBC 4 (WNBC) New York,NBC 4 (WNBC) New York,nbc 4 wnbc new york,NBC,,"New York, NY",Local Channels,Local,,114,NBC 4 (WNBC) New York,,114,nbc 4 wnbc new york,nbc 4 wnbc new york,nbc 4 wnbc new york::local channels,2785,tvg_id::114,s2.thetvapp.to,Imported from reviewed in-scope channel inventory; raw stream URL intentionally excluded.
tvg_id::3302,55,Y,NBC KNSD San Diego CA,NBC KNSD San Diego CA,nbc knsd san diego ca,NBC,,"San Diego, CA",Local Channels,Local,,3302,NBC KNSD San Diego CA,,3302,nbc knsd san diego ca,nbc knsd san diego ca,nbc knsd san diego ca::local channels,2848,tvg_id::3302,s2.thetvapp.to,Imported from reviewed in-scope channel inventory; raw stream URL intentionally excluded.
tvg_id::5050,56,Y,NY | Buffalo | ABC 7 WKBW,NY | Buffalo | ABC 7 WKBW,ny buffalo abc 7 wkbw,ABC,,"Buffalo, NY",ABC - LOCAL,Local,,5050,NY | Buffalo | ABC 7 WKBW,,5050,ny buffalo abc 7 wkbw,ny buffalo abc 7 wkbw,ny buffalo abc 7 wkbw::abc local,3802,tvg_id::5050,s2.thetvapp.to,Imported from reviewed in-scope channel inventory; raw stream URL intentionally excluded.
tvg_id::5518,57,Y,NY | Buffalo | CBS 4 WIVB,NY | Buffalo | CBS 4 WIVB,ny buffalo cbs 4 wivb,CBS,,"Buffalo, NY",CBS - LOCAL,Local,,5518,NY | Buffalo | CBS 4 WIVB,,5518,ny buffalo cbs 4 wivb,ny buffalo cbs 4 wivb,ny buffalo cbs 4 wivb::cbs local,4012,tvg_id::5518,s2.thetvapp.to,Imported from reviewed in-scope channel inventory; raw stream URL intentionally excluded.
tvg_id::5568,58,Y,NY | Buffalo | CBS WIVB,NY | Buffalo | CBS WIVB,ny buffalo cbs wivb,CBS,,"Buffalo, NY",CBS - LOCAL,Local,,5568,NY | Buffalo | CBS WIVB,,5568,ny buffalo cbs wivb,ny buffalo cbs wivb,ny buffalo cbs wivb::cbs local,4062,tvg_id::5568,s2.thetvapp.to,Imported from reviewed in-scope channel inventory; raw stream URL intentionally excluded.
tvg_id::5752,59,Y,NY | Buffalo | FOX WUTV,NY | Buffalo | FOX WUTV,ny buffalo fox wutv,FOX,,"Buffalo, NY",FOX - LOCAL,Local,,5752,NY | Buffalo | FOX WUTV,,5752,ny buffalo fox wutv,ny buffalo fox wutv,ny buffalo fox wutv::fox local,4246,tvg_id::5752,s2.thetvapp.to,Imported from reviewed in-scope channel inventory; raw stream URL intentionally excluded.
tvg_id::5045,60,Y,NY | New York | ABC 7 WABC,NY | New York | ABC 7 WABC,ny new york abc 7 wabc,ABC,,"New York, NY",ABC - LOCAL,Local,,5045,NY | New York | ABC 7 WABC,,5045,ny new york abc 7 wabc,ny new york abc 7 wabc,ny new york abc 7 wabc::abc local,3797,tvg_id::5045,s2.thetvapp.to,Imported from reviewed in-scope channel inventory; raw stream URL intentionally excluded.
tvg_id::5519,61,Y,NY | New York | CBS WCBS,NY | New York | CBS WCBS,ny new york cbs wcbs,CBS,,"New York, NY",CBS - LOCAL,Local,,5519,NY | New York | CBS WCBS,,5519,ny new york cbs wcbs,ny new york cbs wcbs,ny new york cbs wcbs::cbs local,4013,tvg_id::5519,s2.thetvapp.to,Imported from reviewed in-scope channel inventory; raw stream URL intentionally excluded.
tvg_id::5753,62,Y,NY | New York | FOX WNYW,NY | New York | FOX WNYW,ny new york fox wnyw,FOX,,"New York, NY",FOX - LOCAL,Local,,5753,NY | New York | FOX WNYW,,5753,ny new york fox wnyw,ny new york fox wnyw,ny new york fox wnyw::fox local,4247,tvg_id::5753,s2.thetvapp.to,Imported from reviewed in-scope channel inventory; raw stream URL intentionally excluded.
tvg_id::3760,63,Y,PBS KPBS San Diego CA,PBS KPBS San Diego CA,pbs kpbs san diego ca,PBS,,"San Diego, CA",Local Channels,Local,,3760,PBS KPBS San Diego CA,,3760,pbs kpbs san diego ca,pbs kpbs san diego ca,pbs kpbs san diego ca::local channels,2927,tvg_id::3760,s2.thetvapp.to,Imported from reviewed in-scope channel inventory; raw stream URL intentionally excluded.
tvg_id::125,64,Y,Showtime (East),Showtime (East),showtime east,Showtime,East,,Movies,Movies,,125,Showtime (East),,125,showtime east,showtime east,showtime east::movies,153,tvg_id::125,s2.thetvapp.to,Imported from reviewed in-scope channel inventory; raw stream URL intentionally excluded.
tvg_id::126,65,Y,Showtime (West),Showtime (West),showtime west,Showtime,West,,Movies,Movies,,126,Showtime (West),,126,showtime west,showtime west,showtime west::movies,154,tvg_id::126,s2.thetvapp.to,Imported from reviewed in-scope channel inventory; raw stream URL intentionally excluded.
tvg_id::127,66,Y,Showtime 2 (East),Showtime 2 (East),showtime 2 east,Showtime,East,,Movies,Movies,,127,Showtime 2 (East),,127,showtime 2 east,showtime 2 east,showtime 2 east::movies,155,tvg_id::127,s2.thetvapp.to,Imported from reviewed in-scope channel inventory; raw stream URL intentionally excluded.
tvg_id::130,67,Y,Starz (East),Starz (East),starz east,Starz,East,,Movies,Movies,,130,Starz (East),,130,starz east,starz east,starz east::movies,156,tvg_id::130,s2.thetvapp.to,Imported from reviewed in-scope channel inventory; raw stream URL intentionally excluded.
tvg_id::131,68,Y,Starz (West),Starz (West),starz west,Starz,West,,Movies,Movies,,131,Starz (West),,131,starz west,starz west,starz west::movies,157,tvg_id::131,s2.thetvapp.to,Imported from reviewed in-scope channel inventory; raw stream URL intentionally excluded.
tvg_id::133,69,Y,Syfy (East),Syfy (East),syfy east,Syfy,East,,Entertainment,Entertainment,,133,Syfy (East),,133,syfy east,syfy east,syfy east::entertainment,60,tvg_id::133,s2.thetvapp.to,Imported from reviewed in-scope channel inventory; raw stream URL intentionally excluded.
tvg_id::134,70,Y,TBS Superstation (East),TBS Superstation (East),tbs superstation east,TBS,East,,Entertainment,Entertainment,,134,TBS Superstation (East),,134,tbs superstation east,tbs superstation east,tbs superstation east::entertainment,61,tvg_id::134,s2.thetvapp.to,Imported from reviewed in-scope channel inventory; raw stream URL intentionally excluded.
tvg_id::135,71,Y,TBS Superstation (West),TBS Superstation (West),tbs superstation west,TBS,West,,Entertainment,Entertainment,,135,TBS Superstation (West),,135,tbs superstation west,tbs superstation west,tbs superstation west::entertainment,62,tvg_id::135,s2.thetvapp.to,Imported from reviewed in-scope channel inventory; raw stream URL intentionally excluded.
tvg_id::144,72,Y,TCM (East),TCM (East),tcm east,,East,,Movies,Movies,,144,TCM (East),,144,tcm east,tcm east,tcm east::movies,159,tvg_id::144,s2.thetvapp.to,Imported from reviewed in-scope channel inventory; raw stream URL intentionally excluded.
tvg_id::139,73,Y,The Learning Channel TLC (East),The Learning Channel TLC (East),the learning channel tlc east,TLC,East,,Entertainment,Entertainment,,139,The Learning Channel TLC (East),,139,the learning channel tlc east,the learning channel tlc east,the learning channel tlc east::entertainment,64,tvg_id::139,s2.thetvapp.to,Imported from reviewed in-scope channel inventory; raw stream URL intentionally excluded.
tvg_id::143,74,Y,TruTV (East),TruTV (East),trutv east,TruTV,East,,Entertainment,Entertainment,,143,TruTV (East),,143,trutv east,trutv east,trutv east::entertainment,68,tvg_id::143,s2.thetvapp.to,Imported from reviewed in-scope channel inventory; raw stream URL intentionally excluded.
tvg_id::140,75,Y,Turner Network Television TNT (East),Turner Network Television TNT (East),turner network television tnt east,TNT,East,,Entertainment,Entertainment,,140,Turner Network Television TNT (East),,140,turner network television tnt east,turner network television tnt east,turner network television tnt east::entertainment,65,tvg_id::140,s2.thetvapp.to,Imported from reviewed in-scope channel inventory; raw stream URL intentionally excluded.
tvg_id::141,76,Y,Turner Network Television TNT (West),Turner Network Television TNT (West),turner network television tnt west,TNT,West,,Entertainment,Entertainment,,141,Turner Network Television TNT (West),,141,turner network television tnt west,turner network television tnt west,turner network television tnt west::entertainment,66,tvg_id::141,s2.thetvapp.to,Imported from reviewed in-scope channel inventory; raw stream URL intentionally excluded.
tvg_id::145,77,Y,TV Land (East),TV Land (East),tv land east,TV Land,East,,Entertainment,Entertainment,,145,TV Land (East),,145,tv land east,tv land east,tv land east::entertainment,69,tvg_id::145,s2.thetvapp.to,Imported from reviewed in-scope channel inventory; raw stream URL intentionally excluded.
tvg_id::146,78,Y,Univision (East),Univision (East),univision east,Univision,East,,Entertainment,Entertainment,,146,Univision (East),,146,univision east,univision east,univision east::entertainment,70,tvg_id::146,s2.thetvapp.to,Imported from reviewed in-scope channel inventory; raw stream URL intentionally excluded.
tvg_id::147,79,Y,Univision (West),Univision (West),univision west,Univision,West,,Entertainment,Entertainment,,147,Univision (West),,147,univision west,univision west,univision west::entertainment,71,tvg_id::147,s2.thetvapp.to,Imported from reviewed in-scope channel inventory; raw stream URL intentionally excluded.
tvg_id::6070,80,Y,USA Cinemax Action UHD,USA Cinemax Action UHD,usa cinemax action uhd,Cinemax,,"Ultra, HD",Ultra HD,Movies,English,6070,USA Cinemax Action UHD,,6070,usa cinemax action uhd,usa cinemax action uhd,usa cinemax action uhd::ultra hd,4564,tvg_id::6070,s2.thetvapp.to,Imported from reviewed in-scope channel inventory; raw stream URL intentionally excluded.
tvg_id::6069,81,Y,USA Cinemax Classics UHD,USA Cinemax Classics UHD,usa cinemax classics uhd,Cinemax,,"Ultra, HD",Ultra HD,Movies,English,6069,USA Cinemax Classics UHD,,6069,usa cinemax classics uhd,usa cinemax classics uhd,usa cinemax classics uhd::ultra hd,4563,tvg_id::6069,s2.thetvapp.to,Imported from reviewed in-scope channel inventory; raw stream URL intentionally excluded.
tvg_id::6071,82,Y,USA Cinemax East UHD,USA Cinemax East UHD,usa cinemax east uhd,Cinemax,East,"Ultra, HD",Ultra HD,Movies,English,6071,USA Cinemax East UHD,,6071,usa cinemax east uhd,usa cinemax east uhd,usa cinemax east uhd::ultra hd,4565,tvg_id::6071,s2.thetvapp.to,Imported from reviewed in-scope channel inventory; raw stream URL intentionally excluded.
tvg_id::6073,83,Y,USA Cinemax Hits UHD,USA Cinemax Hits UHD,usa cinemax hits uhd,Cinemax,,"Ultra, HD",Ultra HD,Movies,English,6073,USA Cinemax Hits UHD,,6073,usa cinemax hits uhd,usa cinemax hits uhd,usa cinemax hits uhd::ultra hd,4567,tvg_id::6073,s2.thetvapp.to,Imported from reviewed in-scope channel inventory; raw stream URL intentionally excluded.
tvg_id::6076,84,Y,USA Cinemax West UHD,USA Cinemax West UHD,usa cinemax west uhd,Cinemax,West,"Ultra, HD",Ultra HD,Movies,English,6076,USA Cinemax West UHD,,6076,usa cinemax west uhd,usa cinemax west uhd,usa cinemax west uhd::ultra hd,4568,tvg_id::6076,s2.thetvapp.to,Imported from reviewed in-scope channel inventory; raw stream URL intentionally excluded.
tvg_id::6078,85,Y,USA CMT UHD,USA CMT UHD,usa cmt uhd,CMT,,"Ultra, HD",Ultra HD,,English,6078,USA CMT UHD,,6078,usa cmt uhd,usa cmt uhd,usa cmt uhd::ultra hd,4570,tvg_id::6078,s2.thetvapp.to,Imported from reviewed in-scope channel inventory; raw stream URL intentionally excluded.
tvg_id::6080,86,Y,USA CNN UHD,USA CNN UHD,usa cnn uhd,CNN,,"Ultra, HD",Ultra HD,News,English,6080,USA CNN UHD,,6080,usa cnn uhd,usa cnn uhd,usa cnn uhd::ultra hd,4572,tvg_id::6080,s2.thetvapp.to,Imported from reviewed in-scope channel inventory; raw stream URL intentionally excluded.
tvg_id::6081,87,Y,USA Comedy Central UHD,USA Comedy Central UHD,usa comedy central uhd,Comedy Central,,"Ultra, HD",Ultra HD,Entertainment,English,6081,USA Comedy Central UHD,,6081,usa comedy central uhd,usa comedy central uhd,usa comedy central uhd::ultra hd,4573,tvg_id::6081,s2.thetvapp.to,Imported from reviewed in-scope channel inventory; raw stream URL intentionally excluded.
tvg_id::6082,88,Y,USA Comedy Central West UHD,USA Comedy Central West UHD,usa comedy central west uhd,Comedy Central,West,"Ultra, HD",Ultra HD,Entertainment,English,6082,USA Comedy Central West UHD,,6082,usa comedy central west uhd,usa comedy central west uhd,usa comedy central west uhd::ultra hd,4574,tvg_id::6082,s2.thetvapp.to,Imported from reviewed in-scope channel inventory; raw stream URL intentionally excluded.
tvg_id::6084,89,Y,USA Cooking Channel UHD,USA Cooking Channel UHD,usa cooking channel uhd,Cooking,,"Ultra, HD",Ultra HD,,English,6084,USA Cooking Channel UHD,,6084,usa cooking channel uhd,usa cooking channel uhd,usa cooking channel uhd::ultra hd,4576,tvg_id::6084,s2.thetvapp.to,Imported from reviewed in-scope channel inventory; raw stream URL intentionally excluded.
tvg_id::6087,90,Y,USA Discovery UHD,USA Discovery UHD,usa discovery uhd,Discovery,,"Ultra, HD",Ultra HD,Documentary,English,6087,USA Discovery UHD,,6087,usa discovery uhd,usa discovery uhd,usa discovery uhd::ultra hd,4579,tvg_id::6087,s2.thetvapp.to,Imported from reviewed in-scope channel inventory; raw stream URL intentionally excluded.
tvg_id::6088,91,Y,USA Disney channel UHD,USA Disney channel UHD,usa disney channel uhd,Disney,,"Ultra, HD",Ultra HD,Kids,English,6088,USA Disney channel UHD,,6088,usa disney channel uhd,usa disney channel uhd,usa disney channel uhd::ultra hd,4580,tvg_id::6088,s2.thetvapp.to,Imported from reviewed in-scope channel inventory; raw stream URL intentionally excluded.
tvg_id::6091,92,Y,USA E! UHD,USA E! UHD,usa e uhd,USA,,"Ultra, HD",Ultra HD,,English,6091,USA E! UHD,,6091,usa e uhd,usa e uhd,usa e uhd::ultra hd,4583,tvg_id::6091,s2.thetvapp.to,Imported from reviewed in-scope channel inventory; raw stream URL intentionally excluded.
tvg_id::6098,93,Y,USA Food Network UHD,USA Food Network UHD,usa food network uhd,Food Network,,"Ultra, HD",Ultra HD,Lifestyle,English,6098,USA Food Network UHD,,6098,usa food network uhd,usa food network uhd,usa food network uhd::ultra hd,4590,tvg_id::6098,s2.thetvapp.to,Imported from reviewed in-scope channel inventory; raw stream URL intentionally excluded.
tvg_id::6104,94,Y,USA Fuse UHD,USA Fuse UHD,usa fuse uhd,Fuse,,"Ultra, HD",Ultra HD,,English,6104,USA Fuse UHD,,6104,usa fuse uhd,usa fuse uhd,usa fuse uhd::ultra hd,4596,tvg_id::6104,s2.thetvapp.to,Imported from reviewed in-scope channel inventory; raw stream URL intentionally excluded.
tvg_id::6106,95,Y,USA FX UHD,USA FX UHD,usa fx uhd,USA,,"Ultra, HD",Ultra HD,,English,6106,USA FX UHD,,6106,usa fx uhd,usa fx uhd,usa fx uhd::ultra hd,4598,tvg_id::6106,s2.thetvapp.to,Imported from reviewed in-scope channel inventory; raw stream URL intentionally excluded.
tvg_id::6105,96,Y,USA FXM UHD,USA FXM UHD,usa fxm uhd,USA,,"Ultra, HD",Ultra HD,,English,6105,USA FXM UHD,,6105,usa fxm uhd,usa fxm uhd,usa fxm uhd::ultra hd,4597,tvg_id::6105,s2.thetvapp.to,Imported from reviewed in-scope channel inventory; raw stream URL intentionally excluded.
tvg_id::6107,97,Y,USA FXX UHD,USA FXX UHD,usa fxx uhd,FXX,,"Ultra, HD",Ultra HD,,English,6107,USA FXX UHD,,6107,usa fxx uhd,usa fxx uhd,usa fxx uhd::ultra hd,4599,tvg_id::6107,s2.thetvapp.to,Imported from reviewed in-scope channel inventory; raw stream URL intentionally excluded.
tvg_id::6108,98,Y,USA FYI UHD,USA FYI UHD,usa fyi uhd,FYI,,"Ultra, HD",Ultra HD,,English,6108,USA FYI UHD,,6108,usa fyi uhd,usa fyi uhd,usa fyi uhd::ultra hd,4600,tvg_id::6108,s2.thetvapp.to,Imported from reviewed in-scope channel inventory; raw stream URL intentionally excluded.
tvg_id::6116,99,Y,USA HBO Comedy UHD,USA HBO Comedy UHD,usa hbo comedy uhd,HBO,,"Ultra, HD",Ultra HD,Movies,English,6116,USA HBO Comedy UHD,,6116,usa hbo comedy uhd,usa hbo comedy uhd,usa hbo comedy uhd::ultra hd,4608,tvg_id::6116,s2.thetvapp.to,Imported from reviewed in-scope channel inventory; raw stream URL intentionally excluded.
tvg_id::6120,100,Y,USA HBO Drama East UHD,USA HBO Drama East UHD,usa hbo drama east uhd,HBO,East,"Ultra, HD",Ultra HD,Movies,English,6120,USA HBO Drama East UHD,,6120,usa hbo drama east uhd,usa hbo drama east uhd,usa hbo drama east uhd::ultra hd,4611,tvg_id::6120,s2.thetvapp.to,Imported from reviewed in-scope channel inventory; raw stream URL intentionally excluded.
tvg_id::6117,101,Y,USA HBO East UHD,USA HBO East UHD,usa hbo east uhd,HBO,East,"Ultra, HD",Ultra HD,Movies,English,6117,USA HBO East UHD,,6117,usa hbo east uhd,usa hbo east uhd,usa hbo east uhd::ultra hd,4609,tvg_id::6117,s2.thetvapp.to,Imported from reviewed in-scope channel inventory; raw stream URL intentionally excluded.
tvg_id::6114,102,Y,USA HBO Hits UHD,USA HBO Hits UHD,usa hbo hits uhd,HBO,,"Ultra, HD",Ultra HD,Movies,English,6114,USA HBO Hits UHD,,6114,usa hbo hits uhd,usa hbo hits uhd,usa hbo hits uhd::ultra hd,4606,tvg_id::6114,s2.thetvapp.to,Imported from reviewed in-scope channel inventory; raw stream URL intentionally excluded.
tvg_id::6115,103,Y,USA HBO Hits West UHD,USA HBO Hits West UHD,usa hbo hits west uhd,HBO,West,"Ultra, HD",Ultra HD,Movies,English,6115,USA HBO Hits West UHD,,6115,usa hbo hits west uhd,usa hbo hits west uhd,usa hbo hits west uhd::ultra hd,4607,tvg_id::6115,s2.thetvapp.to,Imported from reviewed in-scope channel inventory; raw stream URL intentionally excluded.
tvg_id::6122,104,Y,USA HBO Movies UHD,USA HBO Movies UHD,usa hbo movies uhd,HBO,,"Ultra, HD",Ultra HD,Movies,English,6122,USA HBO Movies UHD,,6122,usa hbo movies uhd,usa hbo movies uhd,usa hbo movies uhd::ultra hd,4613,tvg_id::6122,s2.thetvapp.to,Imported from reviewed in-scope channel inventory; raw stream URL intentionally excluded.
tvg_id::6121,105,Y,USA HBO West UHD,USA HBO West UHD,usa hbo west uhd,HBO,West,"Ultra, HD",Ultra HD,Movies,English,6121,USA HBO West UHD,,6121,usa hbo west uhd,usa hbo west uhd,usa hbo west uhd::ultra hd,4612,tvg_id::6121,s2.thetvapp.to,Imported from reviewed in-scope channel inventory; raw stream URL intentionally excluded.
tvg_id::6123,106,Y,USA HGTV UHD,USA HGTV UHD,usa hgtv uhd,HGTV,,"Ultra, HD",Ultra HD,Lifestyle,English,6123,USA HGTV UHD,,6123,usa hgtv uhd,usa hgtv uhd,usa hgtv uhd::ultra hd,4614,tvg_id::6123,s2.thetvapp.to,Imported from reviewed in-scope channel inventory; raw stream URL intentionally excluded.
tvg_id::6124,107,Y,USA History UHD,USA History UHD,usa history uhd,History,,"Ultra, HD",Ultra HD,Documentary,English,6124,USA History UHD,,6124,usa history uhd,usa history uhd,usa history uhd::ultra hd,4615,tvg_id::6124,s2.thetvapp.to,Imported from reviewed in-scope channel inventory; raw stream URL intentionally excluded.
tvg_id::6125,108,Y,USA HLN UHD,USA HLN UHD,usa hln uhd,HLN,,"Ultra, HD",Ultra HD,,English,6125,USA HLN UHD,,6125,usa hln uhd,usa hln uhd,usa hln uhd::ultra hd,4616,tvg_id::6125,s2.thetvapp.to,Imported from reviewed in-scope channel inventory; raw stream URL intentionally excluded.
tvg_id::6146,109,Y,USA MTV UHD,USA MTV UHD,usa mtv uhd,MTV,,"Ultra, HD",Ultra HD,Music,English,6146,USA MTV UHD,,6146,usa mtv uhd,usa mtv uhd,usa mtv uhd::ultra hd,4637,tvg_id::6146,s2.thetvapp.to,Imported from reviewed in-scope channel inventory; raw stream URL intentionally excluded.
tvg_id::6147,110,Y,USA MTV WEST UHD,USA MTV WEST UHD,usa mtv west uhd,MTV,West,"Ultra, HD",Ultra HD,Music,English,6147,USA MTV WEST UHD,,6147,usa mtv west uhd,usa mtv west uhd,usa mtv west uhd::ultra hd,4638,tvg_id::6147,s2.thetvapp.to,Imported from reviewed in-scope channel inventory; raw stream URL intentionally excluded.
tvg_id::6148,111,Y,USA NAT GEO UHD,USA NAT GEO UHD,usa nat geo uhd,National Geographic,,"Ultra, HD",Ultra HD,Documentary,English,6148,USA NAT GEO UHD,,6148,usa nat geo uhd,usa nat geo uhd,usa nat geo uhd::ultra hd,4639,tvg_id::6148,s2.thetvapp.to,Imported from reviewed in-scope channel inventory; raw stream URL intentionally excluded.
tvg_id::6149,112,Y,USA NAT GEO Wild UHD,USA NAT GEO Wild UHD,usa nat geo wild uhd,National Geographic,,"Ultra, HD",Ultra HD,Documentary,English,6149,USA NAT GEO Wild UHD,,6149,usa nat geo wild uhd,usa nat geo wild uhd,usa nat geo wild uhd::ultra hd,4640,tvg_id::6149,s2.thetvapp.to,Imported from reviewed in-scope channel inventory; raw stream URL intentionally excluded.
tvg_id::15,113,Y,USA Network (East),USA Network (East),usa network east,USA,East,United States,Entertainment,Entertainment,English,15,USA Network (East),,15,usa network east,usa network east,usa network east::entertainment,16,tvg_id::15,s2.thetvapp.to,Imported from reviewed in-scope channel inventory; raw stream URL intentionally excluded.
tvg_id::16,114,Y,USA Network (West),USA Network (West),usa network west,USA,West,United States,Entertainment,Entertainment,English,16,USA Network (West),,16,usa network west,usa network west,usa network west::entertainment,17,tvg_id::16,s2.thetvapp.to,Imported from reviewed in-scope channel inventory; raw stream URL intentionally excluded.
tvg_id::6164,115,Y,USA Paramount Network UHD,USA Paramount Network UHD,usa paramount network uhd,Paramount,,"Ultra, HD",Ultra HD,,English,6164,USA Paramount Network UHD,,6164,usa paramount network uhd,usa paramount network uhd,usa paramount network uhd::ultra hd,4655,tvg_id::6164,s2.thetvapp.to,Imported from reviewed in-scope channel inventory; raw stream URL intentionally excluded.
tvg_id::6178,116,Y,USA Paramount+ with Showtime UHD,USA Paramount+ with Showtime UHD,usa paramount with showtime uhd,Paramount,Plus,"Ultra, HD",Ultra HD,Movies,English,6178,USA Paramount+ with Showtime UHD,,6178,usa paramount with showtime uhd,usa paramount with showtime uhd,usa paramount with showtime uhd::ultra hd,4669,tvg_id::6178,s2.thetvapp.to,Imported from reviewed in-scope channel inventory; raw stream URL intentionally excluded.
tvg_id::6182,117,Y,USA Paramount+ with Showtime West UHD,USA Paramount+ with Showtime West UHD,usa paramount with showtime west uhd,Paramount,West,"Ultra, HD",Ultra HD,Movies,English,6182,USA Paramount+ with Showtime West UHD,,6182,usa paramount with showtime west uhd,usa paramount with showtime west uhd,usa paramount with showtime west uhd::ultra hd,4673,tvg_id::6182,s2.thetvapp.to,Imported from reviewed in-scope channel inventory; raw stream URL intentionally excluded.
tvg_id::6172,118,Y,USA Science UHD,USA Science UHD,usa science uhd,Science,,"Ultra, HD",Ultra HD,Documentary,English,6172,USA Science UHD,,6172,usa science uhd,usa science uhd,usa science uhd::ultra hd,4663,tvg_id::6172,s2.thetvapp.to,Imported from reviewed in-scope channel inventory; raw stream URL intentionally excluded.
tvg_id::6177,119,Y,USA Showtime 2 UHD,USA Showtime 2 UHD,usa showtime 2 uhd,Showtime,,"Ultra, HD",Ultra HD,Movies,English,6177,USA Showtime 2 UHD,,6177,usa showtime 2 uhd,usa showtime 2 uhd,usa showtime 2 uhd::ultra hd,4668,tvg_id::6177,s2.thetvapp.to,Imported from reviewed in-scope channel inventory; raw stream URL intentionally excluded.
tvg_id::6179,120,Y,USA Showtime Extreme UHD,USA Showtime Extreme UHD,usa showtime extreme uhd,Showtime,,"Ultra, HD",Ultra HD,Movies,English,6179,USA Showtime Extreme UHD,,6179,usa showtime extreme uhd,usa showtime extreme uhd,usa showtime extreme uhd::ultra hd,4670,tvg_id::6179,s2.thetvapp.to,Imported from reviewed in-scope channel inventory; raw stream URL intentionally excluded.
tvg_id::6181,121,Y,USA Showtime Next UHD,USA Showtime Next UHD,usa showtime next uhd,Showtime,,"Ultra, HD",Ultra HD,Movies,English,6181,USA Showtime Next UHD,,6181,usa showtime next uhd,usa showtime next uhd,usa showtime next uhd::ultra hd,4672,tvg_id::6181,s2.thetvapp.to,Imported from reviewed in-scope channel inventory; raw stream URL intentionally excluded.
tvg_id::6176,122,Y,USA Showtime Showcase UHD,USA Showtime Showcase UHD,usa showtime showcase uhd,Showtime,,"Ultra, HD",Ultra HD,Movies,English,6176,USA Showtime Showcase UHD,,6176,usa showtime showcase uhd,usa showtime showcase uhd,usa showtime showcase uhd::ultra hd,4667,tvg_id::6176,s2.thetvapp.to,Imported from reviewed in-scope channel inventory; raw stream URL intentionally excluded.
tvg_id::6184,123,Y,USA Smithsonian UHD,USA Smithsonian UHD,usa smithsonian uhd,Smithsonian,,"Ultra, HD",Ultra HD,,English,6184,USA Smithsonian UHD,,6184,usa smithsonian uhd,usa smithsonian uhd,usa smithsonian uhd::ultra hd,4675,tvg_id::6184,s2.thetvapp.to,Imported from reviewed in-scope channel inventory; raw stream URL intentionally excluded.
tvg_id::6188,124,Y,USA Starz Cinema UHD,USA Starz Cinema UHD,usa starz cinema uhd,Starz,,"Ultra, HD",Ultra HD,Movies,English,6188,USA Starz Cinema UHD,,6188,usa starz cinema uhd,usa starz cinema uhd,usa starz cinema uhd::ultra hd,4679,tvg_id::6188,s2.thetvapp.to,Imported from reviewed in-scope channel inventory; raw stream URL intentionally excluded.
tvg_id::6189,125,Y,USA Starz Comedy UHD,USA Starz Comedy UHD,usa starz comedy uhd,Starz,,"Ultra, HD",Ultra HD,Movies,English,6189,USA Starz Comedy UHD,,6189,usa starz comedy uhd,usa starz comedy uhd,usa starz comedy uhd::ultra hd,4680,tvg_id::6189,s2.thetvapp.to,Imported from reviewed in-scope channel inventory; raw stream URL intentionally excluded.
tvg_id::6190,126,Y,USA Starz Edge UHD,USA Starz Edge UHD,usa starz edge uhd,Starz,,"Ultra, HD",Ultra HD,Movies,English,6190,USA Starz Edge UHD,,6190,usa starz edge uhd,usa starz edge uhd,usa starz edge uhd::ultra hd,4681,tvg_id::6190,s2.thetvapp.to,Imported from reviewed in-scope channel inventory; raw stream URL intentionally excluded.
tvg_id::6191,127,Y,USA Starz Encore Action UHD,USA Starz Encore Action UHD,usa starz encore action uhd,Starz,,"Ultra, HD",Ultra HD,Movies,English,6191,USA Starz Encore Action UHD,,6191,usa starz encore action uhd,usa starz encore action uhd,usa starz encore action uhd::ultra hd,4682,tvg_id::6191,s2.thetvapp.to,Imported from reviewed in-scope channel inventory; raw stream URL intentionally excluded.
tvg_id::6193,128,Y,USA Starz Encore Classic UHD,USA Starz Encore Classic UHD,usa starz encore classic uhd,Starz,,"Ultra, HD",Ultra HD,Movies,English,6193,USA Starz Encore Classic UHD,,6193,usa starz encore classic uhd,usa starz encore classic uhd,usa starz encore classic uhd::ultra hd,4684,tvg_id::6193,s2.thetvapp.to,Imported from reviewed in-scope channel inventory; raw stream URL intentionally excluded.
tvg_id::6195,129,Y,USA Starz Encore Suspense UHD,USA Starz Encore Suspense UHD,usa starz encore suspense uhd,Starz,,"Ultra, HD",Ultra HD,Movies,English,6195,USA Starz Encore Suspense UHD,,6195,usa starz encore suspense uhd,usa starz encore suspense uhd,usa starz encore suspense uhd::ultra hd,4686,tvg_id::6195,s2.thetvapp.to,Imported from reviewed in-scope channel inventory; raw stream URL intentionally excluded.
tvg_id::6196,130,Y,USA Starz Encore UHD,USA Starz Encore UHD,usa starz encore uhd,Starz,,"Ultra, HD",Ultra HD,Movies,English,6196,USA Starz Encore UHD,,6196,usa starz encore uhd,usa starz encore uhd,usa starz encore uhd::ultra hd,4687,tvg_id::6196,s2.thetvapp.to,Imported from reviewed in-scope channel inventory; raw stream URL intentionally excluded.
tvg_id::6198,131,Y,USA Starz Encore West UHD,USA Starz Encore West UHD,usa starz encore west uhd,Starz,West,"Ultra, HD",Ultra HD,Movies,English,6198,USA Starz Encore West UHD,,6198,usa starz encore west uhd,usa starz encore west uhd,usa starz encore west uhd::ultra hd,4689,tvg_id::6198,s2.thetvapp.to,Imported from reviewed in-scope channel inventory; raw stream URL intentionally excluded.
tvg_id::6197,132,Y,USA Starz Encore Westerns UHD,USA Starz Encore Westerns UHD,usa starz encore westerns uhd,Starz,,"Ultra, HD",Ultra HD,Movies,English,6197,USA Starz Encore Westerns UHD,,6197,usa starz encore westerns uhd,usa starz encore westerns uhd,usa starz encore westerns uhd::ultra hd,4688,tvg_id::6197,s2.thetvapp.to,Imported from reviewed in-scope channel inventory; raw stream URL intentionally excluded.
tvg_id::6201,133,Y,USA Starz UHD,USA Starz UHD,usa starz uhd,Starz,,"Ultra, HD",Ultra HD,Movies,English,6201,USA Starz UHD,,6201,usa starz uhd,usa starz uhd,usa starz uhd::ultra hd,4692,tvg_id::6201,s2.thetvapp.to,Imported from reviewed in-scope channel inventory; raw stream URL intentionally excluded.
tvg_id::6202,134,Y,USA Starz West UHD,USA Starz West UHD,usa starz west uhd,Starz,West,"Ultra, HD",Ultra HD,Movies,English,6202,USA Starz West UHD,,6202,usa starz west uhd,usa starz west uhd,usa starz west uhd::ultra hd,4693,tvg_id::6202,s2.thetvapp.to,Imported from reviewed in-scope channel inventory; raw stream URL intentionally excluded.
tvg_id::6203,135,Y,USA Sundance UHD,USA Sundance UHD,usa sundance uhd,USA,,"Ultra, HD",Ultra HD,,English,6203,USA Sundance UHD,,6203,usa sundance uhd,usa sundance uhd,usa sundance uhd::ultra hd,4694,tvg_id::6203,s2.thetvapp.to,Imported from reviewed in-scope channel inventory; raw stream URL intentionally excluded.
tvg_id::6204,136,Y,USA Syfy UHD,USA Syfy UHD,usa syfy uhd,Syfy,,"Ultra, HD",Ultra HD,,English,6204,USA Syfy UHD,,6204,usa syfy uhd,usa syfy uhd,usa syfy uhd::ultra hd,4695,tvg_id::6204,s2.thetvapp.to,Imported from reviewed in-scope channel inventory; raw stream URL intentionally excluded.
tvg_id::6206,137,Y,USA TBS West UHD,USA TBS West UHD,usa tbs west uhd,TBS,West,"Ultra, HD",Ultra HD,,English,6206,USA TBS West UHD,,6206,usa tbs west uhd,usa tbs west uhd,usa tbs west uhd::ultra hd,4697,tvg_id::6206,s2.thetvapp.to,Imported from reviewed in-scope channel inventory; raw stream URL intentionally excluded.
tvg_id::6207,138,Y,USA TCM UHD,USA TCM UHD,usa tcm uhd,USA,,"Ultra, HD",Ultra HD,,English,6207,USA TCM UHD,,6207,usa tcm uhd,usa tcm uhd,usa tcm uhd::ultra hd,4698,tvg_id::6207,s2.thetvapp.to,Imported from reviewed in-scope channel inventory; raw stream URL intentionally excluded.
tvg_id::6211,139,Y,USA The Movie Channel,USA The Movie Channel,usa the movie channel,USA,,"Ultra, HD",Ultra HD,Movies,English,6211,USA The Movie Channel,,6211,usa the movie channel,usa the movie channel,usa the movie channel::ultra hd,4702,tvg_id::6211,s2.thetvapp.to,Imported from reviewed in-scope channel inventory; raw stream URL intentionally excluded.
tvg_id::6212,140,Y,USA The Movie Channel Xtra,USA The Movie Channel Xtra,usa the movie channel xtra,USA,,"Ultra, HD",Ultra HD,Movies,English,6212,USA The Movie Channel Xtra,,6212,usa the movie channel xtra,usa the movie channel xtra,usa the movie channel xtra::ultra hd,4703,tvg_id::6212,s2.thetvapp.to,Imported from reviewed in-scope channel inventory; raw stream URL intentionally excluded.
tvg_id::6214,141,Y,USA TLC UHD,USA TLC UHD,usa tlc uhd,TLC,,"Ultra, HD",Ultra HD,,English,6214,USA TLC UHD,,6214,usa tlc uhd,usa tlc uhd,usa tlc uhd::ultra hd,4705,tvg_id::6214,s2.thetvapp.to,Imported from reviewed in-scope channel inventory; raw stream URL intentionally excluded.
tvg_id::6215,142,Y,USA TNT UHD,USA TNT UHD,usa tnt uhd,TNT,,"Ultra, HD",Ultra HD,,English,6215,USA TNT UHD,,6215,usa tnt uhd,usa tnt uhd,usa tnt uhd::ultra hd,4706,tvg_id::6215,s2.thetvapp.to,Imported from reviewed in-scope channel inventory; raw stream URL intentionally excluded.
tvg_id::6216,143,Y,USA TNT West UHD,USA TNT West UHD,usa tnt west uhd,TNT,West,"Ultra, HD",Ultra HD,,English,6216,USA TNT West UHD,,6216,usa tnt west uhd,usa tnt west uhd,usa tnt west uhd::ultra hd,4707,tvg_id::6216,s2.thetvapp.to,Imported from reviewed in-scope channel inventory; raw stream URL intentionally excluded.
tvg_id::6223,144,Y,USA Univison,USA Univison,usa univison,USA,,"Ultra, HD",Ultra HD,,English,6223,USA Univison,,6223,usa univison,usa univison,usa univison::ultra hd,4713,tvg_id::6223,s2.thetvapp.to,Imported from reviewed in-scope channel inventory; raw stream URL intentionally excluded.
tvg_id::6225,145,Y,USA VH 1 UHD,USA VH 1 UHD,usa vh 1 uhd,USA,,"Ultra, HD",Ultra HD,,English,6225,USA VH 1 UHD,,6225,usa vh 1 uhd,usa vh 1 uhd,usa vh 1 uhd::ultra hd,4715,tvg_id::6225,s2.thetvapp.to,Imported from reviewed in-scope channel inventory; raw stream URL intentionally excluded.
tvg_id::6226,146,Y,USA Vice UHD,USA Vice UHD,usa vice uhd,USA,,"Ultra, HD",Ultra HD,,English,6226,USA Vice UHD,,6226,usa vice uhd,usa vice uhd,usa vice uhd::ultra hd,4716,tvg_id::6226,s2.thetvapp.to,Imported from reviewed in-scope channel inventory; raw stream URL intentionally excluded.
tvg_id::148,147,Y,VH1 (East),VH1 (East),vh1 east,VH1,East,,Entertainment,Entertainment,,148,VH1 (East),,148,vh1 east,vh1 east,vh1 east::entertainment,72,tvg_id::148,s2.thetvapp.to,Imported from reviewed in-scope channel inventory; raw stream URL intentionally excluded.
tvg_id::149,148,Y,VH1 (West),VH1 (West),vh1 west,VH1,West,,Entertainment,Entertainment,,149,VH1 (West),,149,vh1 west,vh1 west,vh1 west::entertainment,73,tvg_id::149,s2.thetvapp.to,Imported from reviewed in-scope channel inventory; raw stream URL intentionally excluded.
