tag,site,name,xmltv_id,lang,site_id,source_file
tv24.co.uk,tv24.co.uk,5,Channel5.uk@SD,en,channel-5,tv24.co.uk.channels.xml
abc.net.au,abc.net.au,7,,en,Sydney#7,abc.net.au_syd.channels.xml
abc.net.au,abc.net.au,9,,en,Sydney#9,abc.net.au_syd.channels.xml
abc.net.au,abc.net.au,10,,en,Sydney#10,abc.net.au_syd.channels.xml
abc.net.au,abc.net.au,11,,en,Sydney#11,abc.net.au_syd.channels.xml
epgshare01.online,epgshare01.online,10 Bold Sydney,,en,AU1#10BoldSydney.au,epgshare01.online_AU1.channels.xml
epgshare01.online,epgshare01.online,10 Peach Sydney,,en,AU1#10PeachSydney.au,epgshare01.online_AU1.channels.xml
epgshare01.online,epgshare01.online,10 Sydney,,en,AU1#10Sydney.au,epgshare01.online_AU1.channels.xml
epgshare01.online,epgshare01.online,7 Sydney,,en,AU1#7Sydney.au,epgshare01.online_AU1.channels.xml
abc.net.au,abc.net.au,7bravo,,en,Sydney#7bravo,abc.net.au_syd.channels.xml
epgshare01.online,epgshare01.online,7Bravo Sydney,,en,AU1#7BravoSydney.au,epgshare01.online_AU1.channels.xml
abc.net.au,abc.net.au,7flix,,en,Sydney#7flix,abc.net.au_syd.channels.xml
epgshare01.online,epgshare01.online,7flix Sydney,,en,AU1#7flixSydney.au,epgshare01.online_AU1.channels.xml
abc.net.au,abc.net.au,7HD,,en,Sydney#7HD,abc.net.au_syd.channels.xml
abc.net.au,abc.net.au,7MATE,,en,Sydney#7MATE,abc.net.au_syd.channels.xml
epgshare01.online,epgshare01.online,7mate Sydney,,en,AU1#7mateSydney.au,epgshare01.online_AU1.channels.xml
abc.net.au,abc.net.au,7TWO,,en,Sydney#7TWO,abc.net.au_syd.channels.xml
epgshare01.online,epgshare01.online,7TWO Sydney,,en,AU1#7TWOSydney.au,epgshare01.online_AU1.channels.xml
epgshare01.online,epgshare01.online,9 Sydney,,en,AU1#9Sydney.au,epgshare01.online_AU1.channels.xml
epgshare01.online,epgshare01.online,9Gem Sydney,,en,AU1#9GemSydney.au,epgshare01.online_AU1.channels.xml
epgshare01.online,epgshare01.online,9Go! Sydney,,en,AU1#9GoSydney.au,epgshare01.online_AU1.channels.xml
abc.net.au,abc.net.au,9HD,,en,Sydney#9HD,abc.net.au_syd.channels.xml
abc.net.au,abc.net.au,9Life,,en,Sydney#9Life,abc.net.au_syd.channels.xml
epgshare01.online,epgshare01.online,9Life Sydney,,en,AU1#9LifeSydney.au,epgshare01.online_AU1.channels.xml
abc.net.au,abc.net.au,9Rush,,en,Sydney#9Rush,abc.net.au_syd.channels.xml
epgshare01.online,epgshare01.online,9Rush Sydney,,en,AU1#9RushSydney.au,epgshare01.online_AU1.channels.xml
epgshare01.online,epgshare01.online,A and E Canada,,en,CA1#A.and.E.Canada.ca,epgshare01.online_CA1.channels.xml
directv.com,directv.com,A&E,AE.us@East,en,265#265,directv.com.channels.xml
streamingtvguides.com,streamingtvguides.com,A&E,,en,DTV:A&E:265,streamingtvguides.com.channels.xml
tvguide.com,tvguide.com,A&E,AE.us@East,en,9200004889,tvguide.com.channels.xml
tvinsider.com,tvinsider.com,A&E,,en,ae,tvinsider.com.channels.xml
streamingtvguides.com,streamingtvguides.com,A&E Network (Pacific),,en,AETVP,streamingtvguides.com.channels.xml
epgshare01.online,epgshare01.online,"ABC (KABC) Los Angeles, CA",,en,"US1#ABC.(KABC).Los.Angeles,.CA.us",epgshare01.online_US1.channels.xml
epgshare01.online,epgshare01.online,"ABC (KABC) Los Angeles, CA",,en,"US_LOCALS2#ABC.(KABC).Los.Angeles,.CA.us",epgshare01.online_US_LOCALS2.channels.xml
tvinsider.com,tvinsider.com,AMC,,en,amc,tvinsider.com.channels.xml
epgshare01.online,epgshare01.online,"ABC (WKBW) Buffalo, NY",,en,"US_LOCALS2#ABC.(WKBW).Buffalo,.NY.us",epgshare01.online_US_LOCALS2.channels.xml
epgshare01.online,epgshare01.online,ABC Entertains Sydney,,en,AU1#ABCEntertainsSydney.au,epgshare01.online_AU1.channels.xml
epgshare01.online,epgshare01.online,ABC Family Sydney,,en,AU1#ABCFamilySydney.au,epgshare01.online_AU1.channels.xml
epgshare01.online,epgshare01.online,ABC Jazz Sydney,,en,AU1#ABCJazzSydney.au,epgshare01.online_AU1.channels.xml
epgshare01.online,epgshare01.online,ABC Kids Sydney,,en,AU1#ABCKidsSydney.au,epgshare01.online_AU1.channels.xml
epgshare01.online,epgshare01.online,ABC News Sydney,,en,AU1#ABCNewsSydney.au,epgshare01.online_AU1.channels.xml
epgshare01.online,epgshare01.online,ABC Sydney,,en,AU1#ABCSydney.au,epgshare01.online_AU1.channels.xml
abc.net.au,abc.net.au,ABC1,,en,Sydney#ABC1,abc.net.au_syd.channels.xml
abc.net.au,abc.net.au,ABC2,,en,Sydney#ABC2,abc.net.au_syd.channels.xml
abc.net.au,abc.net.au,ABC3,,en,Sydney#ABC3,abc.net.au_syd.channels.xml
abc.net.au,abc.net.au,ABC4KIDS,,en,Sydney#ABC4KIDS,abc.net.au_syd.channels.xml
abc.net.au,abc.net.au,ABCHD,,en,Sydney#ABCHD,abc.net.au_syd.channels.xml
abc.net.au,abc.net.au,ABCN,,en,Sydney#ABCN,abc.net.au_syd.channels.xml
epgshare01.online,epgshare01.online,"Ace TV (WBXZ-LP10) Buffalo, NY",,en,"US_LOCALS2#Ace.TV.(WBXZ-LP10).Buffalo,.NY.us",epgshare01.online_US_LOCALS2.channels.xml
tvinsider.com,tvinsider.com,Adult Swim,,en,adult-swim,tvinsider.com.channels.xml
epgshare01.online,epgshare01.online,Adult Swim - East,,en,CA1#Adult.Swim.-.East.ca,epgshare01.online_CA1.channels.xml
directv.com,directv.com,AMC,AMC.us@East,en,254#254,directv.com.channels.xml
streamingtvguides.com,streamingtvguides.com,AMC HD,,en,AMCHD,streamingtvguides.com.channels.xml
streamingtvguides.com,streamingtvguides.com,AMC (Pacific),,en,AMCP,streamingtvguides.com.channels.xml
tvguide.com,tvguide.com,AMC,AMC.us@East,en,9233011832,tvguide.com.channels.xml
streamingtvguides.com,streamingtvguides.com,AMC HD (Pacific),,en,AMCPHD,streamingtvguides.com.channels.xml
streamingtvguides.com,streamingtvguides.com,AMC +,,en,AMCPLUS,streamingtvguides.com.channels.xml
tvinsider.com,tvinsider.com,AMC+,,en,amc-plus,tvinsider.com.channels.xml
epgshare01.online,epgshare01.online,AMC - Canada,,en,CA1#AMC.-.Canada.ca,epgshare01.online_CA1.channels.xml
epgshare01.online,epgshare01.online,AMC - Canada HD,,en,CA1#AMC.-.Canada.HD.ca,epgshare01.online_CA1.channels.xml
streamingtvguides.com,streamingtvguides.com,AMC,,en,CLIKIA:AMC,streamingtvguides.com.channels.xml
streamingtvguides.com,streamingtvguides.com,AMC,,en,DTV:amc:254,streamingtvguides.com.channels.xml
epgshare01.online,epgshare01.online,AMC - Eastern Feed,,en,US1#AMC.-.Eastern.Feed.us,epgshare01.online_US1.channels.xml
epgshare01.online,epgshare01.online,AMC+,,en,US1#AMC+.us,epgshare01.online_US1.channels.xml
directv.com,directv.com,Animal Planet,AnimalPlanet.us@East,en,282#282,directv.com.channels.xml
epgshare01.online,epgshare01.online,Animal Planet,,en,UK1#Animal.Planet.uk,epgshare01.online_UK1.channels.xml
epgshare01.online,epgshare01.online,Animal Planet,,en,AU1#AnimalPlanet.au,epgshare01.online_AU1.channels.xml
streamingtvguides.com,streamingtvguides.com,Animal Planet,,en,DTV:APL:282,streamingtvguides.com.channels.xml
tv24.co.uk,tv24.co.uk,Animal Planet,,en,animal-planet,tv24.co.uk.channels.xml
tvguide.com,tvguide.com,Animal Planet,AnimalPlanet.us@East,en,9200018479,tvguide.com.channels.xml
tvinsider.com,tvinsider.com,Animal Planet,,en,animal-planet,tvinsider.com.channels.xml
streamingtvguides.com,streamingtvguides.com,Animal Planet (Pacific),,en,APLP,streamingtvguides.com.channels.xml
tv24.co.uk,tv24.co.uk,Animal Planet +1,,en,animal-planet-1,tv24.co.uk.channels.xml
tv24.co.uk,tv24.co.uk,Animal Planet +1,,en,animal-planet-1-1,tv24.co.uk.channels.xml
virgintvgo.virginmedia.com,virgintvgo.virginmedia.com,Animal Planet +1,AnimalPlanet.uk@Plus1,en,1704,virgintvgo.virginmedia.com.channels.xml
epgshare01.online,epgshare01.online,BBC America - East,,en,US1#BBC.America.-.East.us,epgshare01.online_US1.channels.xml
streamingtvguides.com,streamingtvguides.com,BBC America (Pacific),,en,BBCAP,streamingtvguides.com.channels.xml
epgshare01.online,epgshare01.online,BBC Canada East,,en,CA1#BBC.Canada.East.ca,epgshare01.online_CA1.channels.xml
epgshare01.online,epgshare01.online,BBC Drama,,en,AU1#BBCDrama.au,epgshare01.online_AU1.channels.xml
epgshare01.online,epgshare01.online,BBC Earth,,en,AU1#BBCEarth.au,epgshare01.online_AU1.channels.xml
epgshare01.online,epgshare01.online,BBC Earth HD,,en,CA1#BBC.Earth.HD.ca,epgshare01.online_CA1.channels.xml
epgshare01.online,epgshare01.online,BBC First HD,,en,CA1#BBC.First.HD.ca,epgshare01.online_CA1.channels.xml
tv24.co.uk,tv24.co.uk,BBC Four,BBCFour.uk@UK,en,bbc-four,tv24.co.uk.channels.xml
tv24.co.uk,tv24.co.uk,BBC One London,,en,bbc-oneondon-l,tv24.co.uk.channels.xml
tv24.co.uk,tv24.co.uk,BBC Three,BBCThree.uk@SD,en,bbc-three,tv24.co.uk.channels.xml
tv24.co.uk,tv24.co.uk,BBC Two,BBCTwo.uk@England,en,bbc-two,tv24.co.uk.channels.xml
epgshare01.online,epgshare01.online,BBC UKTV,,en,AU1#BBCUKTV.au,epgshare01.online_AU1.channels.xml
epgshare01.online,epgshare01.online,Bravo,,en,CA1#Bravo.ca,epgshare01.online_CA1.channels.xml
tvinsider.com,tvinsider.com,Bravo,,en,bravo,tvinsider.com.channels.xml
streamingtvguides.com,streamingtvguides.com,Bravo (Pacific),,en,BRAVOP,streamingtvguides.com.channels.xml
epgshare01.online,epgshare01.online,Bravo Canada,,en,CA1#Bravo.Canada.ca,epgshare01.online_CA1.channels.xml
epgshare01.online,epgshare01.online,Bravo USA - Eastern Feed,,en,US1#Bravo.USA.-.Eastern.Feed.us,epgshare01.online_US1.channels.xml
tvinsider.com,tvinsider.com,BritBox,,en,britbox,tvinsider.com.channels.xml
pluto.tv,pluto.tv,BritBox Mysteries,,en,60f5d389985a0c0007357304,pluto.tv_all.channels.xml
pluto.tv,pluto.tv,BritBox Mysteries,,en,60f5d389985a0c0007357304,pluto.tv_us.channels.xml
pluto.tv,pluto.tv,British Drama,,en,5b68a18823ecb93393cba2f1,pluto.tv_all.channels.xml
pluto.tv,pluto.tv,British Drama,,en,5b68a18823ecb93393cba2f1,pluto.tv_us.channels.xml
epgshare01.online,epgshare01.online,"CBC (CBHT) Halifax, NS",,en,"CA1#CBC.(CBHT).Halifax,.NS.ca",epgshare01.online_CA1.channels.xml
epgshare01.online,epgshare01.online,"CBC (CBLT) Toronto, ON",,en,"CA1#CBC.(CBLT).Toronto,.ON.ca",epgshare01.online_CA1.channels.xml
epgshare01.online,epgshare01.online,"CBC (CBUT) Vancouver, BC",,en,"CA1#CBC.(CBUT).Vancouver,.BC.ca",epgshare01.online_CA1.channels.xml
epgshare01.online,epgshare01.online,CBHT Halifax (CBHT),,en,CA1#CBHT.Halifax.(CBHT).ca,epgshare01.online_CA1.channels.xml
epgshare01.online,epgshare01.online,"CBS (KCBS) Los Angeles, CA",,en,"US1#CBS.(KCBS).Los.Angeles,.CA.us",epgshare01.online_US1.channels.xml
epgshare01.online,epgshare01.online,"CBS (KCBS) Los Angeles, CA",,en,"US_LOCALS2#CBS.(KCBS).Los.Angeles,.CA.us",epgshare01.online_US_LOCALS2.channels.xml
epgshare01.online,epgshare01.online,"CBS (WIVB) Buffalo, NY",,en,"US_LOCALS2#CBS.(WIVB).Buffalo,.NY.us",epgshare01.online_US_LOCALS2.channels.xml
epgshare01.online,epgshare01.online,Channel 4,,en,UK1#Channel.4.uk,epgshare01.online_UK1.channels.xml
epgshare01.online,epgshare01.online,Channel 4+1,,en,UK1#Channel.4+1.uk,epgshare01.online_UK1.channels.xml
epgshare01.online,epgshare01.online,Channel 44,,en,UK1#Channel.44.uk,epgshare01.online_UK1.channels.xml
epgshare01.online,epgshare01.online,Channel 5,,en,UK1#Channel.5.uk,epgshare01.online_UK1.channels.xml
epgshare01.online,epgshare01.online,Channel 7,,en,UK1#Channel.7.uk,epgshare01.online_UK1.channels.xml
epgshare01.online,epgshare01.online,Channels 24,,en,UK1#Channels.24.uk,epgshare01.online_UK1.channels.xml
epgshare01.online,epgshare01.online,"CHCH Hamilton, ON",,en,"CA1#CHCH.Hamilton,.ON.ca",epgshare01.online_CA1.channels.xml
epgshare01.online,epgshare01.online,"CHCH-DT-2 London, ON",,en,"US_LOCALS2#CHCH-DT-2.London,.ON.us",epgshare01.online_US_LOCALS2.channels.xml
directv.com,directv.com,Cinemax,Cinemax.us@East,en,515#512,directv.com.channels.xml
streamingtvguides.com,streamingtvguides.com,CINEMAX,,en,TIKI:CINEMAX-1,streamingtvguides.com.channels.xml
streamingtvguides.com,streamingtvguides.com,Cinemax,,en,DTV:MAXe:515,streamingtvguides.com.channels.xml
tvguide.com,tvguide.com,Cinemax,Cinemax.us@East,en,9233009829,tvguide.com.channels.xml
tvinsider.com,tvinsider.com,Cinemax,,en,cinemax,tvinsider.com.channels.xml
epgshare01.online,epgshare01.online,Cinemax - Eastern Feed,,en,US1#Cinemax.-.Eastern.Feed.us,epgshare01.online_US1.channels.xml
epgshare01.online,epgshare01.online,Cinemax - Pacific Feed,,en,US1#Cinemax.-.Pacific.Feed.us,epgshare01.online_US1.channels.xml
epgshare01.online,epgshare01.online,"CITY Toronto, ON",,en,"CA1#CITY.Toronto,.ON.ca",epgshare01.online_CA1.channels.xml
epgshare01.online,epgshare01.online,"CITY Vancouver, BC",,en,"CA1#CITY.Vancouver,.BC.ca",epgshare01.online_CA1.channels.xml
epgshare01.online,epgshare01.online,CMT Canada,,en,CA1#CMT.Canada.ca,epgshare01.online_CA1.channels.xml
epgshare01.online,epgshare01.online,CNBC,,en,UK1#CNBC.uk,epgshare01.online_UK1.channels.xml
epgshare01.online,epgshare01.online,CNN,,en,UK1#CNN.uk,epgshare01.online_UK1.channels.xml
epgshare01.online,epgshare01.online,CNN,,en,CA1#CNN.ca,epgshare01.online_CA1.channels.xml
epgshare01.online,epgshare01.online,Cooking Channel Canada,,en,CA1#Cooking.Channel.Canada.ca,epgshare01.online_CA1.channels.xml
epgshare01.online,epgshare01.online,Cottage Life,,en,CA1#Cottage.Life.ca,epgshare01.online_CA1.channels.xml
epgshare01.online,epgshare01.online,CP24 (CablePulse 24),,en,CA1#CP24.(CablePulse.24).ca,epgshare01.online_CA1.channels.xml
streamingtvguides.com,streamingtvguides.com,CRAVE,,en,DTV:CRAVE:308,streamingtvguides.com.channels.xml
streamingtvguides.com,streamingtvguides.com,CRAVE (92),,en,DTV:CRAVE:92,streamingtvguides.com.channels.xml
epgshare01.online,epgshare01.online,Crave Movies and HBO on Demand,,en,CA1#Crave.Movies.and.HBO.on.Demand.ca,epgshare01.online_CA1.channels.xml
epgshare01.online,epgshare01.online,Crave1 - East,,en,CA1#Crave1.-.East.ca,epgshare01.online_CA1.channels.xml
epgshare01.online,epgshare01.online,Crave2 - East,,en,CA1#Crave2.-.East.ca,epgshare01.online_CA1.channels.xml
epgshare01.online,epgshare01.online,Crave3 - East,,en,CA1#Crave3.-.East.ca,epgshare01.online_CA1.channels.xml
epgshare01.online,epgshare01.online,Crave4,,en,CA1#Crave4.ca,epgshare01.online_CA1.channels.xml
epgshare01.online,epgshare01.online,"CTV (CFTO) Toronto, ON",,en,"CA1#CTV.(CFTO).Toronto,.ON.ca",epgshare01.online_CA1.channels.xml
epgshare01.online,epgshare01.online,CTV (CJCH) Halifax,,en,CA1#CTV.(CJCH).Halifax.ca,epgshare01.online_CA1.channels.xml
epgshare01.online,epgshare01.online,"CTV (CKCO) Kitchener, ON",,en,"CA1#CTV.(CKCO).Kitchener,.ON.ca",epgshare01.online_CA1.channels.xml
epgshare01.online,epgshare01.online,CTV Comedy - East,,en,CA1#CTV.Comedy.-.East.ca,epgshare01.online_CA1.channels.xml
epgshare01.online,epgshare01.online,CTV Comedy - West,,en,CA1#CTV.Comedy.-.West.ca,epgshare01.online_CA1.channels.xml
epgshare01.online,epgshare01.online,CTV Drama,,en,CA1#CTV.Drama.ca,epgshare01.online_CA1.channels.xml
epgshare01.online,epgshare01.online,CTV Life,,en,CA1#CTV.Life.ca,epgshare01.online_CA1.channels.xml
epgshare01.online,epgshare01.online,CTV Nature,,en,CA1#CTV.Nature.ca,epgshare01.online_CA1.channels.xml
epgshare01.online,epgshare01.online,CTV Sci-Fi,,en,CA1#CTV.Sci-Fi.ca,epgshare01.online_CA1.channels.xml
epgshare01.online,epgshare01.online,CTV Sydney (CJCB-DT),,en,CA1#CTV.Sydney.(CJCB-DT).ca,epgshare01.online_CA1.channels.xml
epgshare01.online,epgshare01.online,CTV Two London/CFPL (CTV2L),,en,CA1#CTV.Two.London/CFPL.(CTV2L).ca,epgshare01.online_CA1.channels.xml
epgshare01.online,epgshare01.online,"CTV Vancouver, BC",,en,"CA1#CTV.Vancouver,.BC.ca",epgshare01.online_CA1.channels.xml
epgshare01.online,epgshare01.online,CTV Wild,,en,CA1#CTV.Wild.ca,epgshare01.online_CA1.channels.xml
epgshare01.online,epgshare01.online,CTV2 Atlantic Region,,en,CA1#CTV2.Atlantic.Region.ca,epgshare01.online_CA1.channels.xml
epgshare01.online,epgshare01.online,CTV2 Barrie (CKVR-DT),,en,CA1#CTV2.Barrie.(CKVR-DT).ca,epgshare01.online_CA1.channels.xml
epgshare01.online,epgshare01.online,"CTV2 Toronto, ON",,en,"CA1#CTV2.Toronto,.ON.ca",epgshare01.online_CA1.channels.xml
epgshare01.online,epgshare01.online,CTV2 Vancouver Island. BC,,en,CA1#CTV2.Vancouver.Island..BC.ca,epgshare01.online_CA1.channels.xml
epgshare01.online,epgshare01.online,"CW (WNLO) Buffalo, NY",,en,"US_LOCALS2#CW.(WNLO).Buffalo,.NY.us",epgshare01.online_US_LOCALS2.channels.xml
streamingtvguides.com,streamingtvguides.com,CW NY,,en,CLIKIA:CW-NY,streamingtvguides.com.channels.xml
streamingtvguides.com,streamingtvguides.com,CW NY,,en,TIKI:CW-NY,streamingtvguides.com.channels.xml
epgshare01.online,epgshare01.online,CW Plus Central,,en,US1#CW.Plus.Central.us,epgshare01.online_US1.channels.xml
epgshare01.online,epgshare01.online,CW Plus East,,en,US1#CW.Plus.East.us,epgshare01.online_US1.channels.xml
epgshare01.online,epgshare01.online,CW Plus Mountain,,en,US1#CW.Plus.Mountain.us,epgshare01.online_US1.channels.xml
epgshare01.online,epgshare01.online,CW Plus Pacific,,en,US1#CW.Plus.Pacific.us,epgshare01.online_US1.channels.xml
epgshare01.online,epgshare01.online,Deja View,,en,CA1#Deja.View.ca,epgshare01.online_CA1.channels.xml
epgshare01.online,epgshare01.online,Disc.History,,en,UK1#Disc.History.uk,epgshare01.online_UK1.channels.xml
epgshare01.online,epgshare01.online,Disc.Sci+1,,en,UK1#Disc.Sci+1.uk,epgshare01.online_UK1.channels.xml
epgshare01.online,epgshare01.online,Disc.Science,,en,UK1#Disc.Science.uk,epgshare01.online_UK1.channels.xml
epgshare01.online,epgshare01.online,Discovery Channel (US) - Eastern Feed,,en,US1#Discovery.Channel.(US).-.Eastern.Feed.us,epgshare01.online_US1.channels.xml
epgshare01.online,epgshare01.online,Discovery Channel CA,,en,CA1#Discovery.Channel.CA.ca,epgshare01.online_CA1.channels.xml
tv24.co.uk,tv24.co.uk,Discovery Science,,en,discovery-science,tv24.co.uk.channels.xml
epgshare01.online,epgshare01.online,Disney - Eastern Feed,,en,US1#Disney.-.Eastern.Feed.us,epgshare01.online_US1.channels.xml
epgshare01.online,epgshare01.online,Disney Channel Canada - East,,en,CA1#Disney.Channel.Canada.-.East.ca,epgshare01.online_CA1.channels.xml
epgshare01.online,epgshare01.online,Documentary Channel (Canada),,en,CA1#Documentary.Channel.(Canada).ca,epgshare01.online_CA1.channels.xml
epgshare01.online,epgshare01.online,Double J Sydney,,en,AU1#DoubleJSydney.au,epgshare01.online_AU1.channels.xml
epgshare01.online,epgshare01.online,E! Canada,,en,CA1#E!.Canada.ca,epgshare01.online_CA1.channels.xml
epgshare01.online,epgshare01.online,Flavour Network Canada,,en,CA1#Flavour.Network.Canada.ca,epgshare01.online_CA1.channels.xml
streamingtvguides.com,streamingtvguides.com,FOOD,,en,TIKI:FOOD-1,streamingtvguides.com.channels.xml
streamingtvguides.com,streamingtvguides.com,FOOD,,en,CLIKIA:FOOD,streamingtvguides.com.channels.xml
streamingtvguides.com,streamingtvguides.com,FOOD,,en,TIKI:HTTPS://WWW.TIKILIVE.COM/CHANNEL/FOOD-2,streamingtvguides.com.channels.xml
streamingtvguides.com,streamingtvguides.com,Food Food,,en,FOOD2,streamingtvguides.com.channels.xml
epgshare01.online,epgshare01.online,Food Network,,en,AU1#FoodNetwork.au,epgshare01.online_AU1.channels.xml
epgshare01.online,epgshare01.online,Food Network,,en,UK1#Food.Network.uk,epgshare01.online_UK1.channels.xml
streamingtvguides.com,streamingtvguides.com,Food Network,,en,DTV:Food:231,streamingtvguides.com.channels.xml
tv24.co.uk,tv24.co.uk,Food Network,FoodNetwork.uk@SD,en,food-network,tv24.co.uk.channels.xml
tv24.co.uk,tv24.co.uk,Food Network,,en,food-network-3,tv24.co.uk.channels.xml
tvinsider.com,tvinsider.com,Food Network,,en,food-network,tvinsider.com.channels.xml
streamingtvguides.com,streamingtvguides.com,Food Network (Pacific),,en,FOODP,streamingtvguides.com.channels.xml
tv24.co.uk,tv24.co.uk,Food Network +1,,en,food-network-1,tv24.co.uk.channels.xml
epgshare01.online,epgshare01.online,Food Network CA,,en,CA1#Food.Network.CA.ca,epgshare01.online_CA1.channels.xml
epgshare01.online,epgshare01.online,Food Netwrk+1,,en,UK1#Food.Netwrk+1.uk,epgshare01.online_UK1.channels.xml
epgshare01.online,epgshare01.online,"FOX (KTTV) Los Angeles, CA",,en,"US1#FOX.(KTTV).Los.Angeles,.CA.us",epgshare01.online_US1.channels.xml
epgshare01.online,epgshare01.online,"FOX (KTTV) Los Angeles, CA",,en,"US_LOCALS2#FOX.(KTTV).Los.Angeles,.CA.us",epgshare01.online_US_LOCALS2.channels.xml
epgshare01.online,epgshare01.online,"FOX (WUTV) Buffalo, NY",,en,"US_LOCALS2#FOX.(WUTV).Buffalo,.NY.us",epgshare01.online_US_LOCALS2.channels.xml
epgshare01.online,epgshare01.online,Foxtel Movies Premiere,,en,AU1#FoxtelMoviesPremiere.au,epgshare01.online_AU1.channels.xml
epgshare01.online,epgshare01.online,Foxtel Movies Premiere +2,,en,AU1#FoxtelMoviesPremiereplus2.au,epgshare01.online_AU1.channels.xml
streamingtvguides.com,streamingtvguides.com,FX,,en,TIKI:FX,streamingtvguides.com.channels.xml
streamingtvguides.com,streamingtvguides.com,FX,,en,DTV:FX:248,streamingtvguides.com.channels.xml
streamingtvguides.com,streamingtvguides.com,FX,,en,CLIKIA:FX,streamingtvguides.com.channels.xml
tvinsider.com,tvinsider.com,FX,,en,fx,tvinsider.com.channels.xml
streamingtvguides.com,streamingtvguides.com,FX (Pacific),,en,FXP,streamingtvguides.com.channels.xml
streamingtvguides.com,streamingtvguides.com,FX Movie,,en,DTV:FXM:258,streamingtvguides.com.channels.xml
epgshare01.online,epgshare01.online,FX Movie Channel,,en,US1#FX.Movie.Channel.us,epgshare01.online_US1.channels.xml
tvinsider.com,tvinsider.com,FX Movie Channel,,en,fx-movie-channel,tvinsider.com.channels.xml
epgshare01.online,epgshare01.online,FX Networks Canada,,en,CA1#FX.Networks.Canada.ca,epgshare01.online_CA1.channels.xml
epgshare01.online,epgshare01.online,FX Networks East Coast,,en,US1#FX.Networks.East.Coast.us,epgshare01.online_US1.channels.xml
streamingtvguides.com,streamingtvguides.com,FXX,,en,DTV:FXX:259,streamingtvguides.com.channels.xml
tvinsider.com,tvinsider.com,FXX,,en,fxx,tvinsider.com.channels.xml
epgshare01.online,epgshare01.online,FXX Canada,,en,CA1#FXX.Canada.ca,epgshare01.online_CA1.channels.xml
epgshare01.online,epgshare01.online,FXX USA - Eastern,,en,US1#FXX.USA.-.Eastern.us,epgshare01.online_US1.channels.xml
abc.net.au,abc.net.au,GEM,,en,Sydney#GEM,abc.net.au_syd.channels.xml
epgshare01.online,epgshare01.online,Global (CIII-DT-41) Toronto,,en,CA1#Global.(CIII-DT-41).Toronto.ca,epgshare01.online_CA1.channels.xml
epgshare01.online,epgshare01.online,Global Maritimes (CIHF),,en,CA1#Global.Maritimes.(CIHF).ca,epgshare01.online_CA1.channels.xml
abc.net.au,abc.net.au,GO,,en,Sydney#GO,abc.net.au_syd.channels.xml
tvinsider.com,tvinsider.com,HBO,,en,hbo,tvinsider.com.channels.xml
epgshare01.online,epgshare01.online,HBO - Eastern Feed,,en,US1#HBO.-.Eastern.Feed.us,epgshare01.online_US1.channels.xml
epgshare01.online,epgshare01.online,HBO - Pacific Feed,,en,US1#HBO.-.Pacific.Feed.us,epgshare01.online_US1.channels.xml
epgshare01.online,epgshare01.online,HBO 2 - Eastern Feed,,en,US1#HBO.2.-.Eastern.Feed.us,epgshare01.online_US1.channels.xml
epgshare01.online,epgshare01.online,HBO 2 - Pacific Feed,,en,US1#HBO.2.-.Pacific.Feed.us,epgshare01.online_US1.channels.xml
epgshare01.online,epgshare01.online,HBO 2 HD (HBO2),,en,CA1#HBO.2.HD.(HBO2).ca,epgshare01.online_CA1.channels.xml
epgshare01.online,epgshare01.online,HBO Canada East On Demand,,en,CA1#HBO.Canada.East.On.Demand.ca,epgshare01.online_CA1.channels.xml
streamingtvguides.com,streamingtvguides.com,HBO Comedy,,en,HBOC,streamingtvguides.com.channels.xml
streamingtvguides.com,streamingtvguides.com,HBO Comedy (Pacific),,en,HBOCP,streamingtvguides.com.channels.xml
streamingtvguides.com,streamingtvguides.com,HBO East,,en,DTV:HBOe:501,streamingtvguides.com.channels.xml
streamingtvguides.com,streamingtvguides.com,HBO Signature,,en,DTV:HBOS:503,streamingtvguides.com.channels.xml
streamingtvguides.com,streamingtvguides.com,HBO Signature,,en,HBOSIG,streamingtvguides.com.channels.xml
streamingtvguides.com,streamingtvguides.com,HBO SIGNATURE,,en,TIKI:HBO-SIGNATURE,streamingtvguides.com.channels.xml
tvinsider.com,tvinsider.com,HBO Signature,,en,hbo-signature,tvinsider.com.channels.xml
epgshare01.online,epgshare01.online,HBO Signature (HBO 3) - Eastern,,en,US1#HBO.Signature.(HBO.3).-.Eastern.us,epgshare01.online_US1.channels.xml
streamingtvguides.com,streamingtvguides.com,HBO Signature (Pacific),,en,HBOSIGP,streamingtvguides.com.channels.xml
streamingtvguides.com,streamingtvguides.com,HBO West,,en,DTV:HBOw:504,streamingtvguides.com.channels.xml
streamingtvguides.com,streamingtvguides.com,HBO Zone,,en,HBOZ,streamingtvguides.com.channels.xml
streamingtvguides.com,streamingtvguides.com,HBO Zone (Pacific),,en,HBOZP,streamingtvguides.com.channels.xml
epgshare01.online,epgshare01.online,HBO Zone HD - East,,en,US1#HBO.Zone.HD.-.East.us,epgshare01.online_US1.channels.xml
epgshare01.online,epgshare01.online,HBO1,,en,CA1#HBO1.ca,epgshare01.online_CA1.channels.xml
tvinsider.com,tvinsider.com,HBO2,,en,hbo2,tvinsider.com.channels.xml
epgshare01.online,epgshare01.online,HGTV CA,,en,CA1#HGTV.CA.ca,epgshare01.online_CA1.channels.xml
epgshare01.online,epgshare01.online,HGTV USA - Eastern Feed,,en,US1#HGTV.USA.-.Eastern.Feed.us,epgshare01.online_US1.channels.xml
epgshare01.online,epgshare01.online,Historia,,en,CA1#Historia.ca,epgshare01.online_CA1.channels.xml
epgshare01.online,epgshare01.online,History Canada East,,en,CA1#History.Canada.East.ca,epgshare01.online_CA1.channels.xml
epgshare01.online,epgshare01.online,History Channel US - Eastern Feed,,en,US1#History.Channel.US.-.Eastern.Feed.us,epgshare01.online_US1.channels.xml
epgshare01.online,epgshare01.online,HLN,,en,CA1#HLN.ca,epgshare01.online_CA1.channels.xml
epgshare01.online,epgshare01.online,Hollywood Suite 2000s Movies,,en,CA1#Hollywood.Suite.2000s.Movies.ca,epgshare01.online_CA1.channels.xml
epgshare01.online,epgshare01.online,Hollywood Suite 2010s+ Movies,,en,CA1#Hollywood.Suite.2010s+.Movies.ca,epgshare01.online_CA1.channels.xml
epgshare01.online,epgshare01.online,Hollywood Suite 70s+ Movies,,en,CA1#Hollywood.Suite.70s+.Movies.ca,epgshare01.online_CA1.channels.xml
epgshare01.online,epgshare01.online,Hollywood Suite 80s and 90s Movies,,en,CA1#Hollywood.Suite.80s.and.90s.Movies.ca,epgshare01.online_CA1.channels.xml
tvinsider.com,tvinsider.com,Hulu,,en,hulu,tvinsider.com.channels.xml
epgshare01.online,epgshare01.online,ICI (CBLFT) Toronto,,en,CA1#ICI.(CBLFT).Toronto.ca,epgshare01.online_CA1.channels.xml
epgshare01.online,epgshare01.online,ION - Eastern Feed,,en,US1#ION..-.Eastern.Feed.us,epgshare01.online_US1.channels.xml
tv24.co.uk,tv24.co.uk,ITV1 (London),,en,itv1ondon-2-l,tv24.co.uk.channels.xml
tv24.co.uk,tv24.co.uk,ITV1 (London),,en,itv1ondon-1-l,tv24.co.uk.channels.xml
tv24.co.uk,tv24.co.uk,ITV1 Central,,en,itv1-central,tv24.co.uk.channels.xml
tv24.co.uk,tv24.co.uk,ITV1 Central (Plus 1 Hour),,en,itv1-central-plus-1-hour,tv24.co.uk.channels.xml
tv24.co.uk,tv24.co.uk,ITV1 London,,en,itv1ondon-l,tv24.co.uk.channels.xml
epgshare01.online,epgshare01.online,ITV1+1,,en,UK1#ITV1+1.uk,epgshare01.online_UK1.channels.xml
tv24.co.uk,tv24.co.uk,ITV2,ITV2.uk@SD,en,itv2,tv24.co.uk.channels.xml
tv24.co.uk,tv24.co.uk,ITV2 +1,,en,itv2-1,tv24.co.uk.channels.xml
epgshare01.online,epgshare01.online,ITV2+1,,en,UK1#ITV2+1.uk,epgshare01.online_UK1.channels.xml
tv24.co.uk,tv24.co.uk,ITV3,ITV3.uk@SD,en,itv3,tv24.co.uk.channels.xml
tv24.co.uk,tv24.co.uk,ITV3 +1,,en,itv3-1,tv24.co.uk.channels.xml
epgshare01.online,epgshare01.online,ITV3+1,,en,UK1#ITV3+1.uk,epgshare01.online_UK1.channels.xml
tv24.co.uk,tv24.co.uk,ITV4,ITV4.uk@SD,en,itv4,tv24.co.uk.channels.xml
tv24.co.uk,tv24.co.uk,ITV4 +1,,en,itv4-1,tv24.co.uk.channels.xml
tv24.co.uk,tv24.co.uk,ITV4 +1 (Freeview),,en,itv4-1-freeview,tv24.co.uk.channels.xml
epgshare01.online,epgshare01.online,ITV4+1,,en,UK1#ITV4+1.uk,epgshare01.online_UK1.channels.xml
epgshare01.online,epgshare01.online,LifeStyle Food,,en,AU1#LifeStyleFood.au,epgshare01.online_AU1.channels.xml
epgshare01.online,epgshare01.online,LifeStyle Food +2,,en,AU1#LifeStyleFoodplus2.au,epgshare01.online_AU1.channels.xml
epgshare01.online,epgshare01.online,LOGO - East,,en,US1#LOGO.-.East.us,epgshare01.online_US1.channels.xml
streamingtvguides.com,streamingtvguides.com,Max I HBO,,en,HBO2DM,streamingtvguides.com.channels.xml
streamingtvguides.com,streamingtvguides.com,MGM HD,,en,DTV:MGMHD:567,streamingtvguides.com.channels.xml
epgshare01.online,epgshare01.online,MGM Presents,,en,US1#MGM.Presents.us,epgshare01.online_US1.channels.xml
epgshare01.online,epgshare01.online,MGM Presents Action,,en,US1#MGM.Presents.Action.us,epgshare01.online_US1.channels.xml
epgshare01.online,epgshare01.online,MGM Presents Horror,,en,US1#MGM.Presents.Horror.us,epgshare01.online_US1.channels.xml
tvinsider.com,tvinsider.com,MGM+,,en,mgm-plus,tvinsider.com.channels.xml
tvinsider.com,tvinsider.com,MGM+ Drive-In,,en,mgm-plus-drive-in,tvinsider.com.channels.xml
epgshare01.online,epgshare01.online,MGM+ HDTV (East) (MGM+HD),,en,US1#MGM+.HDTV.(East).(MGM+HD).us,epgshare01.online_US1.channels.xml
epgshare01.online,epgshare01.online,MGM+ Hits HDTV (East) (MGM+HTHD),,en,US1#MGM+.Hits.HDTV.(East).(MGM+HTHD).us,epgshare01.online_US1.channels.xml
tvinsider.com,tvinsider.com,MGM+ Marquee,,en,mgm-plus-marquee,tvinsider.com.channels.xml
epgshare01.online,epgshare01.online,MGM+ Marquee HDTV (East) (MGM+MRQ),,en,US1#MGM+.Marquee.HDTV.(East).(MGM+MRQ).us,epgshare01.online_US1.channels.xml
epgshare01.online,epgshare01.online,"MNT (WNYO) Buffalo, NY",,en,"US_LOCALS2#MNT.(WNYO).Buffalo,.NY.us",epgshare01.online_US_LOCALS2.channels.xml
epgshare01.online,epgshare01.online,MoreMax Eastern,,en,US1#MoreMax..Eastern.us,epgshare01.online_US1.channels.xml
tvinsider.com,tvinsider.com,Movie MAX,,en,moviemax,tvinsider.com.channels.xml
streamingtvguides.com,streamingtvguides.com,MovieMax,,en,MOVIE,streamingtvguides.com.channels.xml
tvinsider.com,tvinsider.com,MoviePlex,,en,movieplex,tvinsider.com.channels.xml
epgshare01.online,epgshare01.online,MoviePlex East (MPLEX),,en,US1#MoviePlex.East.(MPLEX).us,epgshare01.online_US1.channels.xml
tv24.co.uk,tv24.co.uk,Movies 24,,en,movies-24,tv24.co.uk.channels.xml
tv24.co.uk,tv24.co.uk,Movies 24+,,en,movies-24-1,tv24.co.uk.channels.xml
epgshare01.online,epgshare01.online,Movies24,,en,UK1#Movies24.uk,epgshare01.online_UK1.channels.xml
epgshare01.online,epgshare01.online,Movies24+,,en,UK1#Movies24+.uk,epgshare01.online_UK1.channels.xml
epgshare01.online,epgshare01.online,Moviesphere,,en,AU1#Moviesphere.au,epgshare01.online_AU1.channels.xml
epgshare01.online,epgshare01.online,MovieTime,,en,CA1#MovieTime.ca,epgshare01.online_CA1.channels.xml
epgshare01.online,epgshare01.online,MSNBC Canada,,en,CA1#MSNBC.Canada.ca,epgshare01.online_CA1.channels.xml
streamingtvguides.com,streamingtvguides.com,Country Music Television HD Pacifc,,en,CMTVHDP,streamingtvguides.com.channels.xml
streamingtvguides.com,streamingtvguides.com,Country Music Television (Pacific),,en,CMTVP,streamingtvguides.com.channels.xml
streamingtvguides.com,streamingtvguides.com,Comedy TV HD,,en,DTV:COMTVH:382,streamingtvguides.com.channels.xml
streamingtvguides.com,streamingtvguides.com,Multimedios,,en,DTV:MMTV:412,streamingtvguides.com.channels.xml
streamingtvguides.com,streamingtvguides.com,MTV,,en,DTV:MTV:331,streamingtvguides.com.channels.xml
streamingtvguides.com,streamingtvguides.com,MTV2,,en,DTV:MTV2:332,streamingtvguides.com.channels.xml
streamingtvguides.com,streamingtvguides.com,Tr3S (103A),,en,DTV:MTV3:445,streamingtvguides.com.channels.xml
tv24.co.uk,tv24.co.uk,KMTV,,en,kmtv,tv24.co.uk.channels.xml
tv24.co.uk,tv24.co.uk,MTV 90s UK,,en,mtv-base,tv24.co.uk.channels.xml
epgshare01.online,epgshare01.online,MTV MUSIC,,en,UK1#MTV.MUSIC.uk,epgshare01.online_UK1.channels.xml
epgshare01.online,epgshare01.online,"CBS (KMTV) Omaha, NE",,en,"US_LOCALS2#CBS.(KMTV).Omaha,.NE.us",epgshare01.online_US_LOCALS2.channels.xml
epgshare01.online,epgshare01.online,Much Music,,en,CA1#Much.Music.ca,epgshare01.online_CA1.channels.xml
epgshare01.online,epgshare01.online,Nat Geo Wild,,en,UK1#Nat.Geo.Wild.uk,epgshare01.online_UK1.channels.xml
epgshare01.online,epgshare01.online,Nat Geo+1,,en,UK1#Nat.Geo+1.uk,epgshare01.online_UK1.channels.xml
epgshare01.online,epgshare01.online,National Geographic Canada,,en,CA1#National.Geographic.Canada.ca,epgshare01.online_CA1.channels.xml
epgshare01.online,epgshare01.online,National Geographic US - Eastern,,en,US1#National.Geographic.US.-.Eastern.us,epgshare01.online_US1.channels.xml
epgshare01.online,epgshare01.online,National Geographic Wild Canada,,en,CA1#National.Geographic.Wild.Canada.ca,epgshare01.online_CA1.channels.xml
epgshare01.online,epgshare01.online,"NBC (KNBC) Los Angeles, CA",,en,"US_LOCALS2#NBC.(KNBC).Los.Angeles,.CA.us",epgshare01.online_US_LOCALS2.channels.xml
epgshare01.online,epgshare01.online,"NBC (KNBC) Los Angeles, CA",,en,"US1#NBC.(KNBC).Los.Angeles,.CA.us",epgshare01.online_US1.channels.xml
epgshare01.online,epgshare01.online,"NBC (WGRZ) Buffalo, NY",,en,"US_LOCALS2#NBC.(WGRZ).Buffalo,.NY.us",epgshare01.online_US_LOCALS2.channels.xml
epgshare01.online,epgshare01.online,Nickelodeon Sydney,,en,AU1#NickelodeonSydney.au,epgshare01.online_AU1.channels.xml
abc.net.au,abc.net.au,NITV,,en,Sydney#NITV,abc.net.au_syd.channels.xml
epgshare01.online,epgshare01.online,NITV Sydney,,en,AU1#NITVSydney.au,epgshare01.online_AU1.channels.xml
abc.net.au,abc.net.au,ONE,,en,Sydney#ONE,abc.net.au_syd.channels.xml
epgshare01.online,epgshare01.online,OUTtv,,en,CA1#OUTtv.ca,epgshare01.online_CA1.channels.xml
epgshare01.online,epgshare01.online,Oxygen True Crime,,en,CA1#Oxygen.True.Crime.ca,epgshare01.online_CA1.channels.xml
streamingtvguides.com,streamingtvguides.com,Paramount Network,,en,TIKI:PARAMOUNT-NETWORK,streamingtvguides.com.channels.xml
streamingtvguides.com,streamingtvguides.com,Paramount Network,,en,CLIKIA:PARAMOUNT-NETWORK,streamingtvguides.com.channels.xml
tvinsider.com,tvinsider.com,Paramount Network,,en,paramount-network,tvinsider.com.channels.xml
epgshare01.online,epgshare01.online,Paramount Network USA - Eastern Feed,,en,US1#Paramount.Network.USA.-.Eastern.Feed.us,epgshare01.online_US1.channels.xml
tvinsider.com,tvinsider.com,Paramount+,,en,paramount-plus,tvinsider.com.channels.xml
epgshare01.online,epgshare01.online,Paramount+ with Showtime - Eastern Feed,,en,US1#Paramount+.with.Showtime.-.Eastern.Feed.us,epgshare01.online_US1.channels.xml
epgshare01.online,epgshare01.online,Paramount+ with Showtime On Demand,,en,US1#Paramount+.with.Showtime.On.Demand.us,epgshare01.online_US1.channels.xml
epgshare01.online,epgshare01.online,Paramount+ with Showtime West,,en,US1#Paramount+.with.Showtime..West.us,epgshare01.online_US1.channels.xml
epgshare01.online,epgshare01.online,"PBS (WNED) Buffalo, NY",,en,"US_LOCALS2#PBS.(WNED).Buffalo,.NY.us",epgshare01.online_US_LOCALS2.channels.xml
epgshare01.online,epgshare01.online,Peachtree TV HDTV (WPCHD),,en,CA1#Peachtree.TV.HDTV.(WPCHD).ca,epgshare01.online_CA1.channels.xml
epgshare01.online,epgshare01.online,Rogers Kitchener,,en,CA1#Rogers.Kitchener.ca,epgshare01.online_CA1.channels.xml
abc.net.au,abc.net.au,RTV,,en,Sydney#RTV,abc.net.au_syd.channels.xml
abc.net.au,abc.net.au,SBS,,en,Sydney#SBS,abc.net.au_syd.channels.xml
epgshare01.online,epgshare01.online,SBS Food Sydney,,en,AU1#SBSFoodSydney.au,epgshare01.online_AU1.channels.xml
epgshare01.online,epgshare01.online,SBS Sydney,,en,AU1#SBSSydney.au,epgshare01.online_AU1.channels.xml
epgshare01.online,epgshare01.online,SBS Viceland Sydney,,en,AU1#SBSVicelandSydney.au,epgshare01.online_AU1.channels.xml
epgshare01.online,epgshare01.online,SBS World Movies Sydney,,en,AU1#SBSWorldMoviesSydney.au,epgshare01.online_AU1.channels.xml
abc.net.au,abc.net.au,SBS2,,en,Sydney#SBS2,abc.net.au_syd.channels.xml
abc.net.au,abc.net.au,SBS3,,en,Sydney#SBS3,abc.net.au_syd.channels.xml
abc.net.au,abc.net.au,SBSHD,,en,Sydney#SBSHD,abc.net.au_syd.channels.xml
abc.net.au,abc.net.au,SBSWW,,en,Sydney#SBSWW,abc.net.au_syd.channels.xml
tvinsider.com,tvinsider.com,Science Channel,,en,science-channel,tvinsider.com.channels.xml
abc.net.au,abc.net.au,SHAKE,,en,Sydney#SHAKE,abc.net.au_syd.channels.xml
epgshare01.online,epgshare01.online,Showcase,,en,AU1#Showcase.au,epgshare01.online_AU1.channels.xml
epgshare01.online,epgshare01.online,Showcase +2,,en,AU1#Showcaseplus2.au,epgshare01.online_AU1.channels.xml
epgshare01.online,epgshare01.online,Showcase Canada,,en,CA1#Showcase.Canada.ca,epgshare01.online_CA1.channels.xml
streamingtvguides.com,streamingtvguides.com,SHOWTIME,,en,TIKI:SHOWTIME-2,streamingtvguides.com.channels.xml
tvinsider.com,tvinsider.com,Showtime,,en,showtime,tvinsider.com.channels.xml
tvinsider.com,tvinsider.com,Showtime 2,,en,showtime-2,tvinsider.com.channels.xml
epgshare01.online,epgshare01.online,Showtime 2 - Eastern,,en,US1#Showtime.2.-.Eastern.us,epgshare01.online_US1.channels.xml
tvinsider.com,tvinsider.com,Showtime Extreme,,en,showtime-extreme,tvinsider.com.channels.xml
epgshare01.online,epgshare01.online,Showtime Extreme - Eastern,,en,US1#Showtime.Extreme.-.Eastern.us,epgshare01.online_US1.channels.xml
epgshare01.online,epgshare01.online,Showtime Next HD - Eastern,,en,US1#Showtime.Next.HD.-.Eastern.us,epgshare01.online_US1.channels.xml
epgshare01.online,epgshare01.online,Showtime Showcase HD - East,,en,US1#Showtime.Showcase.HD.-.East.us,epgshare01.online_US1.channels.xml
epgshare01.online,epgshare01.online,Sky Action,,en,UK1#Sky.Action.uk,epgshare01.online_UK1.channels.xml
epgshare01.online,epgshare01.online,Sky Adventure,,en,UK1#Sky.Adventure.uk,epgshare01.online_UK1.channels.xml
epgshare01.online,epgshare01.online,Sky Atlantic+1,,en,UK1#Sky.Atlantic+1.uk,epgshare01.online_UK1.channels.xml
tv24.co.uk,tv24.co.uk,Sky Cinema Action,,en,sky-cinema-action,tv24.co.uk.channels.xml
tv24.co.uk,tv24.co.uk,Sky Cinema Drama,,en,sky-cinema-drama,tv24.co.uk.channels.xml
tv24.co.uk,tv24.co.uk,Sky Cinema Hits,,en,sky-cinema-hits,tv24.co.uk.channels.xml
tv24.co.uk,tv24.co.uk,Sky Cinema Premiere,,en,sky-cinema-premiere,tv24.co.uk.channels.xml
tv24.co.uk,tv24.co.uk,Sky Cinema Sci Fi & Horror,,en,sky-cinema-sci-fi-horror,tv24.co.uk.channels.xml
epgshare01.online,epgshare01.online,Sky Cinema Select,,en,UK1#Sky.Cinema.Select.uk,epgshare01.online_UK1.channels.xml
tv24.co.uk,tv24.co.uk,Sky Cinema Thriller,,en,sky-cinema-thriller,tv24.co.uk.channels.xml
tv24.co.uk,tv24.co.uk,Sky Comedy,,en,sky-comedy,tv24.co.uk.channels.xml
tv24.co.uk,tv24.co.uk,Sky Crime,,en,sky-crime-2,tv24.co.uk.channels.xml
epgshare01.online,epgshare01.online,Sky Crime+1,,en,UK1#Sky.Crime+1.uk,epgshare01.online_UK1.channels.xml
epgshare01.online,epgshare01.online,Sky Greats,,en,UK1#Sky.Greats.uk,epgshare01.online_UK1.channels.xml
epgshare01.online,epgshare01.online,Sky History+1,,en,UK1#Sky.History+1.uk,epgshare01.online_UK1.channels.xml
epgshare01.online,epgshare01.online,Sky History2,,en,UK1#Sky.History2.uk,epgshare01.online_UK1.channels.xml
epgshare01.online,epgshare01.online,Sky Max HD,,en,UK1#Sky.Max.HD.uk,epgshare01.online_UK1.channels.xml
tv24.co.uk,tv24.co.uk,Sky One,,en,sky-1,tv24.co.uk.channels.xml
epgshare01.online,epgshare01.online,Sky ScFi/HorHD,,en,UK1#Sky.ScFi/HorHD.uk,epgshare01.online_UK1.channels.xml
tv24.co.uk,tv24.co.uk,Sky Sci-Fi,,en,syfy-universal,tv24.co.uk.channels.xml
epgshare01.online,epgshare01.online,Sky Sci-Fi HD,,en,UK1#Sky.Sci-Fi.HD.uk,epgshare01.online_UK1.channels.xml
epgshare01.online,epgshare01.online,Sky Showcase,,en,UK1#Sky.Showcase.uk,epgshare01.online_UK1.channels.xml
epgshare01.online,epgshare01.online,SkyPremiere+1,,en,UK1#SkyPremiere+1.uk,epgshare01.online_UK1.channels.xml
epgshare01.online,epgshare01.online,SkyShowcase+1,,en,UK1#SkyShowcase+1.uk,epgshare01.online_UK1.channels.xml
epgshare01.online,epgshare01.online,SkySp Action,,en,UK1#SkySp.Action.uk,epgshare01.online_UK1.channels.xml
epgshare01.online,epgshare01.online,Slice,,en,CA1#Slice.ca,epgshare01.online_CA1.channels.xml
abc.net.au,abc.net.au,SPREE,,en,Sydney#SPREE,abc.net.au_syd.channels.xml
epgshare01.online,epgshare01.online,Starz - Eastern,,en,US1#Starz.-.Eastern.us,epgshare01.online_US1.channels.xml
epgshare01.online,epgshare01.online,Starz - Pacific,,en,US1#Starz.-.Pacific.us,epgshare01.online_US1.channels.xml
epgshare01.online,epgshare01.online,Starz Cinema HD - Eastern,,en,US1#Starz.Cinema.HD.-.Eastern.us,epgshare01.online_US1.channels.xml
epgshare01.online,epgshare01.online,Starz Comedy HD - Eastern,,en,US1#Starz.Comedy.HD.-.Eastern.us,epgshare01.online_US1.channels.xml
epgshare01.online,epgshare01.online,Starz Edge - Eastern,,en,US1#Starz.Edge.-.Eastern.us,epgshare01.online_US1.channels.xml
epgshare01.online,epgshare01.online,Starz Encore - Eastern,,en,US1#Starz.Encore.-.Eastern.us,epgshare01.online_US1.channels.xml
epgshare01.online,epgshare01.online,Starz Encore - Pacific,,en,US1#Starz.Encore.-.Pacific.us,epgshare01.online_US1.channels.xml
epgshare01.online,epgshare01.online,Starz Encore Action - Eastern,,en,US1#Starz.Encore.Action.-.Eastern.us,epgshare01.online_US1.channels.xml
epgshare01.online,epgshare01.online,STARZ1 - East,,en,CA1#STARZ1.-.East.ca,epgshare01.online_CA1.channels.xml
epgshare01.online,epgshare01.online,STARZ2 - East,,en,CA1#STARZ2.-.East.ca,epgshare01.online_CA1.channels.xml
streamingtvguides.com,streamingtvguides.com,SYFY,,en,TIKI:SYFY-1,streamingtvguides.com.channels.xml
streamingtvguides.com,streamingtvguides.com,SYFY,,en,CLIKIA:SYFY,streamingtvguides.com.channels.xml
streamingtvguides.com,streamingtvguides.com,Syfy,,en,DTV:Syfy:244,streamingtvguides.com.channels.xml
tvinsider.com,tvinsider.com,Syfy,,en,syfy,tvinsider.com.channels.xml
epgshare01.online,epgshare01.online,Syfy - Eastern Feed,,en,US1#Syfy.-.Eastern.Feed.us,epgshare01.online_US1.channels.xml
streamingtvguides.com,streamingtvguides.com,Syfy (Pacific),,en,SYFYP,streamingtvguides.com.channels.xml
epgshare01.online,epgshare01.online,SYFY+1,,en,UK1#SYFY+1.uk,epgshare01.online_UK1.channels.xml
epgshare01.online,epgshare01.online,TBS - East,,en,US1#TBS.-.East.us,epgshare01.online_US1.channels.xml
epgshare01.online,epgshare01.online,"TCT (WBNF) Buffalo, NY",,en,"US_LOCALS2#TCT.(WBNF).Buffalo,.NY.us",epgshare01.online_US_LOCALS2.channels.xml
abc.net.au,abc.net.au,TENHD,,en,Sydney#TENHD,abc.net.au_syd.channels.xml
tvinsider.com,tvinsider.com,The CW,,en,the-cw,tvinsider.com.channels.xml
tvinsider.com,tvinsider.com,The Movie Channel,,en,the-movie-channel,tvinsider.com.channels.xml
tvinsider.com,tvinsider.com,The Movie Channel Extra,,en,the-movie-channel-extra,tvinsider.com.channels.xml
epgshare01.online,epgshare01.online,TLC Canada,,en,CA1#TLC.Canada.ca,epgshare01.online_CA1.channels.xml
epgshare01.online,epgshare01.online,TMC (US) - Eastern Feed,,en,US1#TMC.(US).-.Eastern.Feed.us,epgshare01.online_US1.channels.xml
epgshare01.online,epgshare01.online,TMC Xtra HD - Eastern,,en,US1#TMC.Xtra.HD.-.Eastern.us,epgshare01.online_US1.channels.xml
epgshare01.online,epgshare01.online,TNT - Eastern Feed,,en,US1#TNT.-.Eastern.Feed.us,epgshare01.online_US1.channels.xml
epgshare01.online,epgshare01.online,TSC,,en,CA1#TSC.ca,epgshare01.online_CA1.channels.xml
epgshare01.online,epgshare01.online,"TVO (CICA-DT) Toronto, ON",,en,"CA1#TVO.(CICA-DT).Toronto,.ON.ca",epgshare01.online_CA1.channels.xml
abc.net.au,abc.net.au,TVSN,,en,Sydney#TVSN,abc.net.au_syd.channels.xml
epgshare01.online,epgshare01.online,VICE,,en,US1#VICE.us,epgshare01.online_US1.channels.xml
streamingtvguides.com,streamingtvguides.com,VICE,,en,DTV:VICE:271,streamingtvguides.com.channels.xml
tvinsider.com,tvinsider.com,Vice TV,,en,vice-tv,tvinsider.com.channels.xml
streamingtvguides.com,streamingtvguides.com,Viceland (Pacific),,en,VICEP,streamingtvguides.com.channels.xml
abc.net.au,abc.net.au,VICHD,,en,Sydney#VICHD,abc.net.au_syd.channels.xml
epgshare01.online,epgshare01.online,W (WTN) - East,,en,CA1#W.(WTN).-.East.ca,epgshare01.online_CA1.channels.xml
epgshare01.online,epgshare01.online,W (WTN) - Pacific,,en,CA1#W.(WTN).-.Pacific.ca,epgshare01.online_CA1.channels.xml
epgshare01.online,epgshare01.online,Wild TV,,en,CA1#Wild.TV.ca,epgshare01.online_CA1.channels.xml
abc.net.au,abc.net.au,YOUTV,,en,Sydney#YOUTV,abc.net.au_syd.channels.xml
