Channel Name,Call Letters / Feed,Flagship,Type,Group,Region,Country,Network / Parent Company,Channel #,Timezone,Genre Focus,Shows You Might Like,Popular Shows / Notes,Streaming Alternative,Streaming Status,Feed Variant,Language,Availability,Notes / Annotations,matched_provider_name,matched_provider_norm,provider_xmltv_id,provider_site,provider_tag,provider_source_file,match_score,simple_ratio,token_set_ratio,match_method,confidence,alt1_name,alt1_score,alt2_name,alt2_score
AMC Canada,AMC,No,Specialty,CA-Specialty,National,CA,AMC Networks,,Eastern,Thriller, horror,The Walking Dead; Dark Winds,Flagship AMC feed in Canada,AMC+,Subscription,HD,English,IPTV only,AMC - Canada,amc canada,,epgshare01.online,epgshare01.online,epgshare01.online_CA1.channels.xml,100,100,100,token_set,high,AMC - Canada HD,100,E! Canada,85
BBC Canada,BBC Canada,No,Specialty,CA-Specialty,National,CA,BBC Studios,,Eastern,British drama; docs,Top Gear; Luther; Sherlock,Discontinued (archived on streaming),BritBox / Crave,Geo-restricted,HD,English,Streaming only,,BBC Arabic Canada,bbc arabic canada,,epgshare01.online,epgshare01.online,epgshare01.online_CA1.channels.xml,100,74,100,token_set,high,BBC Canada East,100,CNBC Canada,85
CBC Halifax,CBHT-DT,Yes,Public,CA-Local,Eastern Canada,CA,CBC,3.1,Atlantic,News; docs,Land and Sea; The National,Atlantic flagship CBC feed,CBC Gem,Free-to-air,HD,English,Free-to-air,,"CBC (CBHT) Halifax, NS",cbc cbht halifax ns,,epgshare01.online,epgshare01.online,epgshare01.online_CA1.channels.xml,100,73,100,token_set,high,CBC Television,100,CBHT Halifax (CBHT),86
CBC Ottawa,CBOT-DT,Yes,Public,CA-Local,Eastern Canada,CA,CBC,4.1,Eastern,News; docs,Marketplace; The National,Eastern flagship CBC feed,CBC Gem,Free-to-air,HD,English,Free-to-air,,CBC Television,cbc,,epgshare01.online,epgshare01.online,epgshare01.online_CA1.channels.xml,100,46,100,token_set,high,CPAC Ottawa,85,CJOH CTV Ottawa HDTV (CJOH),75
CBC Toronto,CBLT-DT,Yes,Public,CA-Local,Southern Ontario,CA,CBC,5.1,Eastern,News; satire; drama,22 Minutes; Murdoch Mysteries,Flagship CBC feed for Ontario,CBC Gem,Free-to-air,HD,English,Free-to-air,,"CBC (CBLT) Toronto, ON",cbc cblt toronto on,,epgshare01.online,epgshare01.online,epgshare01.online_CA1.channels.xml,100,73,100,token_set,high,"CBC (CBLT) Toronto, ON HD",100,CBC Television,100
CBC Vancouver,CBUT-DT,Yes,Public,CA-Local,Western Canada,CA,CBC,2.1,Pacific,News; docs,Nature of Things; The National,Western flagship CBC feed,CBC Gem,Free-to-air,HD,English,Free-to-air,,"CBC (CBUT) Vancouver, BC",cbc cbut vancouver bc,,epgshare01.online,epgshare01.online,epgshare01.online_CA1.channels.xml,100,76,100,token_set,high,"CBC (CBUT) Vancouver, BC HD",100,CBC Television,100
CHCH Hamilton,CHCH-DT,Yes,Independent,CA-Local,Southern Ontario,CA,Channel Zero,11.1,Eastern,Local news; movies,CHCH News; Crime Beat,Southern Ontario local,CHCH.com,Free-to-air,HD,English,Free-to-air,,"CHCH Hamilton, ON",chch hamilton on,,epgshare01.online,epgshare01.online,epgshare01.online_CA1.channels.xml,100,89,100,token_set,high,"CHCH Hamilton, ON HD",100,Cable 14 Hamilton,76
CHCH London,CHCH-DT-2,No,Independent,CA-Local,Southern Ontario,CA,Channel Zero,51.1,Eastern,Local news,CHCH News London,Regional feed of CHCH Hamilton,CHCH.com,Free-to-air,HD,English,Free-to-air,,"CHCH Hamilton, ON",chch hamilton on,,epgshare01.online,epgshare01.online,epgshare01.online_CA1.channels.xml,74,74,74,token_set,low,"CHCH Hamilton, ON HD",74,CTV Two London/CFPL (CTV2L),70
Citytv Toronto,CITY-DT,Yes,Commercial,CA-Local,Southern Ontario,CA,Rogers Media,57.1,Eastern,Comedy; lifestyle,Hudson & Rex; Cityline,Flagship Citytv feed,Citytv.com,Free-to-air,HD,English,Free-to-air,,"CITY Toronto, ON",city toronto on,,epgshare01.online,epgshare01.online,epgshare01.online_CA1.channels.xml,82,82,82,token_set,medium,"CITY Toronto, ON HD",82,"CTV2 Toronto, ON",75
Crave 1,Crave 1,Yes,Premium,CA-Specialty,National,CA,Bell Media,,Eastern,HBO; drama,The Last of Us; Succession,Flagship Crave feed,Crave.ca,Subscription,HD,English,IPTV only,,Crave Movies and HBO on Demand,crave movies and hbo on demand,,epgshare01.online,epgshare01.online,epgshare01.online_CA1.channels.xml,83,32,83,token_set,medium,Super Ecran HD 1,60,Channel 1 Russian,50
Crave 2,Crave 2,No,Premium,CA-Specialty,National,CA,Bell Media,,Eastern,Starz; action,Outlander; Power,Starz content via Crave,Crave.ca,Subscription,HD,English,IPTV only,,Crave Movies and HBO on Demand,crave movies and hbo on demand,,epgshare01.online,epgshare01.online,epgshare01.online_CA1.channels.xml,83,32,83,token_set,medium,Dream 2,57,Prise 2,57
Crave 3,Crave 3,No,Premium,CA-Specialty,National,CA,Bell Media,,Eastern,Comedy; satire,Letterkenny; Curb Your Enthusiasm,Comedy-focused Crave feed,Crave.ca,Subscription,HD,English,IPTV only,,Crave Movies and HBO on Demand,crave movies and hbo on demand,,epgshare01.online,epgshare01.online,epgshare01.online_CA1.channels.xml,83,32,83,token_set,medium,,,,
Crave 4,Crave 4,No,Premium,CA-Specialty,National,CA,Bell Media,,Eastern,Docs; indie,VICE Docs; Canada�??s Drag Race,Documentary and indie content,Crave.ca,Subscription,HD,English,IPTV only,,Crave Movies and HBO on Demand,crave movies and hbo on demand,,epgshare01.online,epgshare01.online,epgshare01.online_CA1.channels.xml,83,32,83,token_set,medium,,,,
CTV Comedy Channel,CTV Comedy,No,Specialty,CA-Specialty,National,CA,Bell Media,625,Eastern,Comedy; satire,Corner Gas; The Daily Show,CTV specialty comedy feed,CTV.ca,Subscription,HD,English,IPTV only,,CTV Comedy - East,ctv comedy,,epgshare01.online,epgshare01.online,epgshare01.online_CA1.channels.xml,100,100,100,token_set,high,CTV Comedy - East HD,100,CTV Comedy - West,100
CTV Drama Channel,CTV Drama,No,Specialty,CA-Specialty,National,CA,Bell Media,620,Eastern,Drama; mystery,The Good Fight; Grey�??s Anatomy,CTV specialty drama feed,CTV.ca,Subscription,HD,English,IPTV only,,CTV Drama,ctv drama,,epgshare01.online,epgshare01.online,epgshare01.online_CA1.channels.xml,100,100,100,token_set,high,CTV Drama HD,100,Melody Drama,71
CTV Kitchener,CKCO-DT,Yes,Commercial,CA-Local,Southern Ontario,CA,Bell Media,13.1,Eastern,Regional news,CTV News Kitchener,CTV regional feed,CTV.ca,Free-to-air,HD,English,Free-to-air,,"CTV (CKCO) Kitchener, ON",ctv ckco kitchener on,,epgshare01.online,epgshare01.online,epgshare01.online_CA1.channels.xml,100,76,100,token_set,high,Rogers Kitchener,81,CTV Life,57
CTV London,CFPL-DT,Yes,Commercial,CA-Local,Southern Ontario,CA,Bell Media,10.1,Eastern,Regional drama,CTV London News,CTV regional feed,CTV.ca,Free-to-air,HD,English,Free-to-air,,CTV Two London/CFPL (CTV2L),ctv two london cfpl ctv2l,,epgshare01.online,epgshare01.online,epgshare01.online_CA1.channels.xml,100,57,100,token_set,high,CTV Wild,66,CTV Comedy - East,60
CTV Ottawa,CJOH-DT,Yes,Commercial,CA-Local,Eastern Canada,CA,Bell Media,13.1,Eastern,News; drama,CTV Ottawa News,Eastern flagship CTV feed,CTV.ca,Free-to-air,HD,English,Free-to-air,,CJOH CTV Ottawa HDTV (CJOH),cjoh ctv ottawa hdtv cjoh,,epgshare01.online,epgshare01.online,epgshare01.online_CA1.channels.xml,100,57,100,token_set,high,CTV Two Ottawa/CHRO (CTV2O),100,CPAC Ottawa,76
CTV Sci-Fi Channel,CTV Sci-Fi,No,Specialty,CA-Specialty,National,CA,Bell Media,627,Eastern,Sci-fi; supernatural,SurrealEstate; The Ark,CTV specialty sci-fi feed,CTV.ca,Subscription,HD,English,IPTV only,,CTV Sci-Fi,ctv sci fi,,epgshare01.online,epgshare01.online,epgshare01.online_CA1.channels.xml,100,100,100,token_set,high,CTV Sci-Fi HD,100,CTV Life,66
CTV Toronto,CFTO-DT,Yes,Commercial,CA-Local,Southern Ontario,CA,Bell Media,9.1,Eastern,Drama; comedy,Transplant; The Spencer Sisters,Flagship CTV feed,CTV.ca,Free-to-air,HD,English,Free-to-air,,"CTV (CFTO) Toronto, ON",ctv cfto toronto on,,epgshare01.online,epgshare01.online,epgshare01.online_CA1.channels.xml,100,73,100,token_set,high,"CTV (CFTO) Toronto, ON HD",100,"CTV2 Toronto, ON",84
CTV Vancouver,CIVT-DT,Yes,Commercial,CA-Local,Western Canada,CA,Bell Media,32.1,Pacific,Drama; news,CTV Vancouver News,Western flagship CTV feed,CTV.ca,Free-to-air,HD,English,Free-to-air,,"CTV Vancouver, BC",ctv vancouver bc,,epgshare01.online,epgshare01.online,epgshare01.online_CA1.channels.xml,100,89,100,token_set,high,"CTV Vancouver, BC HD",100,"CBC (CBUT) Vancouver, BC",81
CTV Windsor,CICO-DT-32,No,Public,CA-Local,Southern Ontario,CA,Bell Media,32.1,Eastern,Docs; education,TVO Windsor,TVO regional feed,TVO.org,Free-to-air,HD,English,Free-to-air,,CBET Windsor (CBET),cbet windsor cbet,,epgshare01.online,epgshare01.online,epgshare01.online_CA1.channels.xml,86,71,86,token_set,medium,CTV2 Windsor (CHWI-DT),77,CTV Wild,73
CTV2 Barrie,CKVR-DT,No,Commercial,CA-Local,Southern Ontario,CA,Bell Media,10.1,Eastern,Regional drama,CTV2 News; syndicated content,CTV regional feed,CTV.ca,Free-to-air,HD,English,Free-to-air,,CTV2 Barrie (CKVR-DT),ctv2 barrie ckvr dt,,epgshare01.online,epgshare01.online,epgshare01.online_CA1.channels.xml,100,73,100,token_set,high,CTV2 Atlantic Region,63,"CTV2 Toronto, ON",53
Documentary Channel,Documentary,No,Specialty,CA-Specialty,National,CA,CBC,,Eastern,Docs; real stories,The Nature of Things; The Fifth Estate,CBC documentary feed,CBC Gem,Subscription,HD,English,IPTV only,,Documentary,documentary,,epgshare01.online,epgshare01.online,epgshare01.online_CA1.channels.xml,100,100,100,token_set,high,Documentary Channel (Canada),100,Documentary Channel (Canada) HD,100
FX Canada,FX,No,Specialty,CA-Specialty,National,CA,Rogers Media,,Eastern,Drama; edgy comedy,Fargo; The Bear,FX flagship feed in Canada,FXNow.ca,Subscription,HD,English,IPTV only,,FX Networks Canada,fx networks canada,,epgshare01.online,epgshare01.online,epgshare01.online_CA1.channels.xml,100,66,100,token_set,high,FX Networks Canada HD,100,FXX Canada,94
Global BC,CHAN-DT,Yes,Commercial,CA-Local,Western Canada,CA,Corus Entertainment,8.1,Pacific,News; reality,Global BC News; ET Canada,Western flagship Global feed,Global TV,Free-to-air,HD,English,Free-to-air,,Global BC,global bc,,epgshare01.online,epgshare01.online,epgshare01.online_CA1.channels.xml,100,100,100,token_set,high,Global BC HD,100,"Global (CHEX-TV-2) Durham, ON",80
Global Kingston,CKWS-DT,Yes,Commercial,CA-Local,Southern Ontario,CA,Corus Entertainment,11.1,Eastern,Regional news,CKWS Newswatch,CTV regional feed,Global TV,Free-to-air,HD,English,Free-to-air,,Global BC,global bc,,epgshare01.online,epgshare01.online,epgshare01.online_CA1.channels.xml,80,58,80,token_set,medium,Global BC HD,80,Global Edmonton (CITV),62
Global Ottawa,CIII-DT-6,No,Commercial,CA-Local,Eastern Canada,CA,Corus Entertainment,6.1,Eastern,Regional news,Global News Ottawa,CTV regional feed,Global TV,Free-to-air,HD,English,Free-to-air,,Global BC,global bc,,epgshare01.online,epgshare01.online,epgshare01.online_CA1.channels.xml,80,63,80,token_set,medium,Global BC HD,80,CPAC Ottawa,70
Global Toronto,CIII-DT,Yes,Commercial,CA-Local,Southern Ontario,CA,Corus Entertainment,41.1,Eastern,Procedural; reality,Private Eyes; Big Brother Canada,Flagship Global feed,Global TV,Free-to-air,HD,English,Free-to-air,,Global (CIII-DT-41) Toronto,global ciii dt 41 toronto,,epgshare01.online,epgshare01.online,epgshare01.online_CA1.channels.xml,100,71,100,token_set,high,Global (CIII-DT-41) Toronto HD,100,Global BC,80
HBO Canada,HBO,Yes,Premium,CA-Specialty,National,CA,Bell Media,,Eastern,Prestige drama,Succession; Game of Thrones,HBO via Crave,Crave.ca,Subscription,HD,English,IPTV only,,HBO Canada East On Demand,hbo canada on demand,,epgshare01.online,epgshare01.online,epgshare01.online_CA1.channels.xml,100,66,100,token_set,high,E! Canada,85,E! Canada HD,85
HBO Canada East,HBO East,Yes,Premium,CA-Specialty,Eastern Canada,CA,Bell Media,,Eastern,,,,,,,,,,HBO Canada East On Demand,hbo canada on demand,,epgshare01.online,epgshare01.online,epgshare01.online_CA1.channels.xml,100,66,100,token_set,high,E! Canada,85,E! Canada HD,85
Adult Swim,,,Specialty,CA-Specialty,National,CA,Corus Entertainment,,Eastern,Animation; satire,Rick and Morty; Aqua Teen Hunger Force,Adult animation block,StackTV,Subscription,HD,English,IPTV only,,Adult Swim - East,adult swim,,epgshare01.online,epgshare01.online,epgshare01.online_CA1.channels.xml,100,100,100,token_set,high,Adult Swim - East HD,100,Adult Value On Demand 4,66
AMC Canada,AMC,No,Specialty,CA-Specialty,National,CA,AMC Networks,,Eastern,Thriller; horror,The Walking Dead; Dark Winds,Flagship AMC feed in Canada,AMC+,Subscription,HD,English,IPTV only,,AMC - Canada,amc canada,,epgshare01.online,epgshare01.online,epgshare01.online_CA1.channels.xml,100,100,100,token_set,high,AMC - Canada HD,100,E! Canada,85
BBC Canada,BBC Canada,No,Specialty,CA-Specialty,National,CA,BBC Studios,,Eastern,British drama; docs,Top Gear; Luther; Sherlock,Discontinued in 2020,BritBox,Geo-restricted,HD,English,Discontinued,,BBC Arabic Canada,bbc arabic canada,,epgshare01.online,epgshare01.online,epgshare01.online_CA1.channels.xml,100,74,100,token_set,high,BBC Canada East,100,CNBC Canada,85
BBC First,,,Specialty,CA-Specialty,National,CA,BBC Studios,,Eastern,British drama; mystery,Death in Paradise; Call the Midwife,Premium BBC content,Corus On Demand,Subscription,HD,English,IPTV only,,BBC First HD,bbc first,,epgshare01.online,epgshare01.online,epgshare01.online_CA1.channels.xml,100,100,100,token_set,high,Baby First TV,84,BBC Earth HD,66
Bravo,,,Specialty,CA-Specialty,National,CA,Corus Entertainment,,Eastern,Reality; lifestyle,Real Housewives; Top Chef,Canadian feed of Bravo US,StackTV,Subscription,HD,English,IPTV only,,Bravo,bravo,,epgshare01.online,epgshare01.online,epgshare01.online_CA1.channels.xml,100,100,100,token_set,high,Bravo Canada,100,Bravo Canada HD,100
CBC Vancouver,CBUT-DT,Yes,Public,CA-Local,Western Canada,CA,CBC,2.1,Pacific,News; docs,The National; Nature of Things,Western flagship CBC feed,CBC Gem,Free-to-air,HD,English,Free-to-air,,"CBC (CBUT) Vancouver, BC",cbc cbut vancouver bc,,epgshare01.online,epgshare01.online,epgshare01.online_CA1.channels.xml,100,76,100,token_set,high,"CBC (CBUT) Vancouver, BC HD",100,CBC Television,100
Cottage Life,,,Specialty,CA-Specialty,National,CA,Blue Ant Media,,Eastern,Outdoors; lifestyle,Colin & Justin�??s Cabin Pressure; Lakefront Luxury,Cottage and rural living,Amazon Prime Channels,Subscription,HD,English,IPTV only,,Cottage Life,cottage life,,epgshare01.online,epgshare01.online,epgshare01.online_CA1.channels.xml,100,100,100,token_set,high,Cottage Life HD,100,CTV Life,70
Crime & Investigation,,,Specialty,CA-Specialty,National,CA,A&E Networks,,Eastern,True crime; mystery,Cold Case Files; The First 48,Canadian feed of CI US,StackTV,Subscription,HD,English,IPTV only,,Crime + Investigation Canada,crime + investigation canada,,epgshare01.online,epgshare01.online,epgshare01.online_CA1.channels.xml,90,78,90,token_set,high,Investigation ID CA,81,Stingray: Christian Pop and Rock,51
CTV Life Channel,,,Specialty,CA-Specialty,National,CA,Bell Media,,Eastern,Lifestyle; food; travel,Jamie�??s Easy Meals; Mary�??s Kitchen Crush,Food and lifestyle programming,CTV.ca,Subscription,HD,English,IPTV only,,CTV Life,ctv life,,epgshare01.online,epgshare01.online,epgshare01.online_CA1.channels.xml,100,100,100,token_set,high,CTV Life HD,100,Cottage Life,70
CTV Nature Channel,,,Specialty,CA-Specialty,National,CA,Bell Media,,Eastern,Nature; wildlife,Wild Canada; Planet Earth,Documentary-style nature content,CTV.ca,Subscription,HD,English,IPTV only,,CTV Nature,ctv nature,,epgshare01.online,epgshare01.online,epgshare01.online_CA1.channels.xml,100,100,100,token_set,high,Love Nature,76,Stingray: Nature,75
CTV Speed Channel,,,Specialty,CA-Specialty,National,CA,Bell Media,,Eastern,Motorsports; racing,NASCAR; Formula E,Auto and racing content,CTV.ca,Subscription,HD,English,IPTV only,,CTV Speed,ctv speed,,epgshare01.online,epgshare01.online,epgshare01.online_CA1.channels.xml,100,100,100,token_set,high,CTV Comedy - East,63,CTV Comedy - East HD,63
CTV Wild Channel,,,Specialty,CA-Specialty,National,CA,Bell Media,,Eastern,Wildlife; adventure,Wild Things; Into the Wild,Outdoor and nature adventure,CTV.ca,Subscription,HD,English,IPTV only,,CTV Wild,ctv wild,,epgshare01.online,epgshare01.online,epgshare01.online_CA1.channels.xml,100,100,100,token_set,high,Wild TV,100,Wild TV HD,100
DejaView,,,Specialty,CA-Specialty,National,CA,Corus Entertainment,,Eastern,Classic TV; sitcoms,Cheers; Frasier; M*A*S*H,Retro television programming,StackTV,Subscription,HD,English,IPTV only,,DejaView,dejaview,,epgshare01.online,epgshare01.online,epgshare01.online_CA1.channels.xml,100,100,100,token_set,high,,,,
Discovery Channel,,,Specialty,CA-Specialty,National,CA,Bell Media,,Eastern,Science; exploration,MythBusters; Deadliest Catch,Canadian feed of Discovery US,Discovery.ca,Subscription,HD,English,IPTV only,,Discovery Channel CA,discovery ca,,epgshare01.online,epgshare01.online,epgshare01.online_CA1.channels.xml,100,85,100,token_set,high,,,,
Disney Channel,,,Specialty,CA-Specialty,National,CA,Corus Entertainment,,Eastern,Kids; family,Big City Greens; Bluey,Canadian feed of Disney US,StackTV,Subscription,HD,English,IPTV only,,Disney Channel Canada - East,disney canada,,epgshare01.online,epgshare01.online,epgshare01.online_CA1.channels.xml,100,63,100,token_set,high,Disney Channel Canada On Demand,100,Disney Junior Canada,100
E!,,,Specialty,CA-Specialty,National,CA,Corus Entertainment,,Eastern,Celebs; pop culture,E! News; Botched,Canadian feed of E! US,StackTV,Subscription,HD,English,IPTV only,,A and E Canada,a and e canada,,epgshare01.online,epgshare01.online,epgshare01.online_CA1.channels.xml,100,13,100,token_set,high,A and E Canada HD,100,E! Canada,100
Flavour Network,,,Specialty,CA-Specialty,National,CA,Blue Ant Media,,Eastern,Food; travel; culture,Flavour Trip; The Global Table,Canadian culinary and travel content,Amazon Prime Channels,Subscription,HD,English,IPTV only,,Flavour Network Canada,flavour network canada,,epgshare01.online,epgshare01.online,epgshare01.online_CA1.channels.xml,100,81,100,token_set,high,NFL Network,77,NFL Network HD,77
Food Network,,,Specialty,CA-Specialty,National,CA,Corus Entertainment,,Eastern,Cooking; lifestyle,Top Chef Canada; Chopped,Canadian feed of Food Network US,StackTV,Subscription,HD,English,IPTV only,,Food Network CA,food network ca,,epgshare01.online,epgshare01.online,epgshare01.online_CA1.channels.xml,100,88,100,token_set,high,NFL Network,78,NFL Network HD,78
FXX,,,Specialty,CA-Specialty,National,CA,Rogers Media,,Eastern,Comedy; animation,Archer; It�??s Always Sunny in Philadelphia,Youth and animation-focused FX feed,FXNow.ca,Subscription,HD,English,IPTV only,,FXX Canada,fxx canada,,epgshare01.online,epgshare01.online,epgshare01.online_CA1.channels.xml,100,46,100,token_set,high,FXX Canada HD,100,,
HBO Canada East,HBO East,Yes,Premium,CA-Specialty,Eastern Canada,CA,Bell Media,,Eastern,Prestige drama,Game of Thrones; True Detective,Eastern HBO feed via Crave,Crave.ca,Subscription,HD,English,IPTV only,,HBO Canada East On Demand,hbo canada on demand,,epgshare01.online,epgshare01.online,epgshare01.online_CA1.channels.xml,100,66,100,token_set,high,E! Canada,85,E! Canada HD,85
HBO Canada West,HBO West,Yes,Premium,CA-Specialty,Western Canada,CA,Bell Media,,Pacific,Prestige drama,The White Lotus; Euphoria,Western HBO feed via Crave,Crave.ca,Subscription,HD,English,IPTV only,,HBO Canada East On Demand,hbo canada on demand,,epgshare01.online,epgshare01.online,epgshare01.online_CA1.channels.xml,100,66,100,token_set,high,E! Canada,85,E! Canada HD,85
HGTV,,,Specialty,CA-Specialty,National,CA,Corus Entertainment,,Eastern,Home; design; renovation,Fixer Upper; Property Brothers,Canadian feed of HGTV US,StackTV,Subscription,HD,English,IPTV only,,HGTV CA,hgtv ca,,epgshare01.online,epgshare01.online,epgshare01.online_CA1.channels.xml,100,72,100,token_set,high,HGTV Canada On Demand,100,,
History,,,Specialty,CA-Specialty,National,CA,Corus Entertainment,,Eastern,Docs; historical drama,Vikings; The UnXplained,Canadian feed of History US,StackTV,Subscription,HD,English,IPTV only,,History 2 Canada,history 2 canada,,epgshare01.online,epgshare01.online,epgshare01.online_CA1.channels.xml,100,60,100,token_set,high,History Canada East,100,History Canada HD East,100
Hollywood Suite 00s,HS 00s,No,Specialty,CA-Specialty,National,CA,Hollywood Suite,,Eastern,2000s films,The Departed; Memento,Decade-based movie feed,HollywoodSuite.ca,Subscription,HD,English,IPTV only,,Hollywood Suite 2000s Movies,hollywood suite 2000s movies,,epgshare01.online,epgshare01.online,epgshare01.online_CA1.channels.xml,88,80,88,token_set,medium,Hollywood Suite 2010s+ Movies,88,Hollywood Suite 70s+ Movies,88
Hollywood Suite 70s,HS 70s,No,Specialty,CA-Specialty,National,CA,Hollywood Suite,,Eastern,1970s films,The French Connection; Rocky,Decade-based movie feed,HollywoodSuite.ca,Subscription,HD,English,IPTV only,,Hollywood Suite 2000s Movies,hollywood suite 2000s movies,,epgshare01.online,epgshare01.online,epgshare01.online_CA1.channels.xml,88,76,88,token_set,medium,Hollywood Suite 2010s+ Movies,88,Hollywood Suite 70s+ Movies,88
Hollywood Suite 80s,HS 80s,No,Specialty,CA-Specialty,National,CA,Hollywood Suite,,Eastern,1980s films,Aliens; The Breakfast Club,Decade-based movie feed,HollywoodSuite.ca,Subscription,HD,English,IPTV only,,Hollywood Suite 80s and 90s Movies,hollywood suite 80s and 90s movies,,epgshare01.online,epgshare01.online,epgshare01.online_CA1.channels.xml,100,71,100,token_set,high,Hollywood Suite 2000s Movies,88,Hollywood Suite 2010s+ Movies,88
Hollywood Suite 90s,HS 90s,No,Specialty,CA-Specialty,National,CA,Hollywood Suite,,Eastern,1990s films,Pulp Fiction; Fight Club,Decade-based movie feed,HollywoodSuite.ca,Subscription,HD,English,IPTV only,,Hollywood Suite 80s and 90s Movies,hollywood suite 80s and 90s movies,,epgshare01.online,epgshare01.online,epgshare01.online_CA1.channels.xml,100,71,100,token_set,high,Hollywood Suite 2000s Movies,88,Hollywood Suite 2010s+ Movies,88
Investigation Discovery,,,Specialty,CA-Specialty,National,CA,Warner Bros. Discovery,,Eastern,True crime; mystery,Disappeared; On the Case,Canadian feed of ID US,Discovery+,Subscription,HD,English,IPTV only,,Discovery Channel CA,discovery ca,,epgshare01.online,epgshare01.online,epgshare01.online_CA1.channels.xml,85,51,85,token_set,medium,Investigation ID CA,81,Crime + Investigation Canada,72
Lifetime,,,Specialty,CA-Specialty,National,CA,Corus Entertainment,,Eastern,Drama; reality,Married at First Sight; Dance Moms,Canadian feed of Lifetime US,StackTV,Subscription,HD,English,IPTV only,,Lifetime TV - Canada,lifetime canada,,epgshare01.online,epgshare01.online,epgshare01.online_CA1.channels.xml,100,69,100,token_set,high,,,,
MovieTime,,,Specialty,CA-Specialty,National,CA,Corus Entertainment,,Eastern,Movies; thrillers,The Equalizer; The Accountant,Canadian movie channel,StackTV,Subscription,HD,English,IPTV only,,MovieTime,movietime,,epgshare01.online,epgshare01.online,epgshare01.online_CA1.channels.xml,100,100,100,token_set,high,MovieTime HD,100,,
Much,,,Specialty,CA-Specialty,National,CA,Bell Media,,Eastern,Music; youth culture,MuchMusic Video Awards; The Wedge,Youth-oriented music and pop culture,Bell Fibe TV,Subscription,HD,English,IPTV only,,Much Music,much music,,epgshare01.online,epgshare01.online,epgshare01.online_CA1.channels.xml,100,57,100,token_set,high,Much Music HD,100,Too Much! On Demand,100
Nat Geo Wild,,,Specialty,CA-Specialty,National,CA,Disney/Corus,,Eastern,Nature; wildlife,World�??s Deadliest; Animal Fight Night,Canadian feed of Nat Geo Wild US,StackTV,Subscription,HD,English,IPTV only,,GEO TV,geo,,epgshare01.online,epgshare01.online,epgshare01.online_CA1.channels.xml,100,40,100,token_set,high,Wild TV,100,Wild TV HD,100
National Geographic,,,Specialty,CA-Specialty,National,CA,Disney/Corus,,Eastern,Science; exploration,Drain the Oceans; Genius,Canadian feed of NatGeo US,StackTV,Subscription,HD,English,IPTV only,,National Geographic Canada,national geographic canada,,epgshare01.online,epgshare01.online,epgshare01.online_CA1.channels.xml,100,84,100,token_set,high,National Geographic Canada HD,100,National Geographic HD On Demand,100
OutTV,,,Specialty,CA-Specialty,National,CA,OutTV Media,,Eastern,LGBTQ+; drama,Canada�??s Drag Race; For the Love of DILFs,Canadian LGBTQ+ specialty channel,OutTVGo.ca,Subscription,HD,English,IPTV only,,OUTtv,outtv,,epgshare01.online,epgshare01.online,epgshare01.online_CA1.channels.xml,100,100,100,token_set,high,OUTtv HD,100,,
Showcase,,,Specialty,CA-Specialty,National,CA,Corus Entertainment,,Eastern,Drama; thriller,The Sinner; Burden of Truth,Canadian drama and mystery feed,StackTV,Subscription,HD,English,IPTV only,,Showcase Canada,showcase canada,,epgshare01.online,epgshare01.online,epgshare01.online_CA1.channels.xml,100,69,100,token_set,high,Showcase Canada HD,100,,
Silver Screen Classics,,,Specialty,CA-Specialty,National,CA,Channel Zero,,Eastern,Classic films; retro,The Big Sleep; Casablanca,Canadian classic movie channel,SilverScreenClassics.ca,Subscription,SD,English,IPTV only,,Silver Screen Classics,silver screen classics,,epgshare01.online,epgshare01.online,epgshare01.online_CA1.channels.xml,100,100,100,token_set,high,Stingray: Country Classics,63,,
Slice,,,Specialty,CA-Specialty,National,CA,Corus Entertainment,,Eastern,Lifestyle; reality,Big Brother Canada; Real Housewives,Canadian reality and lifestyle feed,StackTV,Subscription,HD,English,IPTV only,,Slice,slice,,epgshare01.online,epgshare01.online,epgshare01.online_CA1.channels.xml,100,100,100,token_set,high,Slice HD,100,,
Smithsonian Channel,,,Specialty,CA-Specialty,National,CA,Blue Ant Media,,Eastern,Docs; history; science,Aerial America; Secrets Unlocked,Canadian feed of Smithsonian US,Amazon Prime Channels,Subscription,HD,English,IPTV only,,Smithsonian Channel Canada,smithsonian canada,,epgshare01.online,epgshare01.online,epgshare01.online_CA1.channels.xml,100,75,100,token_set,high,,,,
Starz Canada 1,Starz 1,Yes,Premium,CA-Specialty,National,CA,Bell Media,,Eastern,Drama; action,Outlander; Power,Flagship Starz feed via Crave,Crave.ca,Subscription,HD,English,IPTV only,,E! Canada,e canada,,epgshare01.online,epgshare01.online,epgshare01.online_CA1.channels.xml,85,63,85,token_set,medium,E! Canada HD,85,Daystar Canada,78
Starz Canada 2,Starz 2,No,Premium,CA-Specialty,National,CA,Bell Media,,Eastern,Thriller; drama,Gaslit; BMF,Secondary Starz feed via Crave,Crave.ca,Subscription,HD,English,IPTV only,,E! Canada,e canada,,epgshare01.online,epgshare01.online,epgshare01.online_CA1.channels.xml,85,63,85,token_set,medium,E! Canada HD,85,History 2 Canada,80
Super Channel Fuse,Fuse,Yes,Premium,CA-Specialty,National,CA,Super Channel,,Eastern,Drama; indie; docs,When Calls the Heart; Pure,Flagship Super Channel feed,SuperChannel.ca,Subscription,HD,English,IPTV only,,Super Channel Fuse,super fuse,,epgshare01.online,epgshare01.online,epgshare01.online_CA1.channels.xml,100,100,100,token_set,high,Super Channel Fuse HD,100,Super Channel Quest,76
Super Channel Heart & Home,Heart & Home,No,Premium,CA-Specialty,National,CA,Super Channel,,Eastern,Family; romance,Heartland; Love on Safari,Family-friendly Super Channel feed,SuperChannel.ca,Subscription,HD,English,IPTV only,,Super Channel Heart and Home,super heart and home,,epgshare01.online,epgshare01.online,epgshare01.online_CA1.channels.xml,100,100,100,token_set,high,Super Channel Heart and Home HD,100,Super Channel Fuse,66
Super Channel Vault,Vault,No,Premium,CA-Specialty,National,CA,Super Channel,,Eastern,Cult classics; retro,The Warriors; The Thing,Retro and cult film feed,SuperChannel.ca,Subscription,HD,English,IPTV only,,Super Channel Vault,super vault,,epgshare01.online,epgshare01.online,epgshare01.online_CA1.channels.xml,100,100,100,token_set,high,Super Channel Vault HD,100,Super Channel Quest,72
W Network,,,Specialty,CA-Specialty,National,CA,Corus Entertainment,,Eastern,Drama; romance,The Good Witch; Hallmark movies,Canadian feed of Hallmark-style content,StackTV,Subscription,HD,English,IPTV only,,W Network Canada East (WTN),w network canada wtn,,epgshare01.online,epgshare01.online,epgshare01.online_CA1.channels.xml,100,62,100,token_set,high,3ABN Canada Network,87,Anime Network On Demand,87
BBC One,BBC One HD,Yes,Public,UK-Local,National,UK,BBC,1,BST,Drama; news; docs,EastEnders; The Repair Shop,Flagship BBC channel,BBC iPlayer,Free-to-air,HD,English,Free-to-air,,BBC One CI HD,bbc one ci,,epgshare01.online,epgshare01.online,epgshare01.online_UK1.channels.xml,100,82,100,token_set,high,BBC One E Mid HD,100,BBC One EastHD,100
BBC Two,BBC Two HD,Yes,Public,UK-Local,National,UK,BBC,2,BST,Docs; comedy; arts,University Challenge; QI,Cultural and factual programming,BBC iPlayer,Free-to-air,HD,English,Free-to-air,,BBC Two HD,bbc two,,epgshare01.online,epgshare01.online,epgshare01.online_UK1.channels.xml,100,100,100,token_set,high,BBC Two NI HD,100,BBC Two Wal HD,100
BBC Three,BBC Three HD,No,Public,UK-Local,National,UK,BBC,23,BST,Youth drama; reality,Fleabag; RuPaul�??s Drag Race UK,Youth-focused content,BBC iPlayer,Free-to-air,HD,English,Free-to-air,,BBC Three HD,bbc three,,epgshare01.online,epgshare01.online,epgshare01.online_UK1.channels.xml,100,100,100,token_set,high,BBC Three,100,BBC Three HD,100
BBC Four,BBC Four HD,No,Public,UK-Local,National,UK,BBC,9,BST,Arts; docs; history,Storyville; The Culture Show,Highbrow and niche programming,BBC iPlayer,Free-to-air,HD,English,Free-to-air,,BBC Four HD,bbc four,,epgshare01.online,epgshare01.online,epgshare01.online_UK1.channels.xml,100,100,100,token_set,high,BBC Four,100,BBC Four HD,100
ITV1,ITV1 HD,Yes,Commercial,UK-Local,National,UK,ITV plc,3,BST,Drama; reality; news,Coronation Street; Love Island,Flagship ITV feed,ITVX,Free-to-air,HD,English,Free-to-air,,ITV1 HD,itv1,,epgshare01.online,epgshare01.online,epgshare01.online_UK1.channels.xml,100,100,100,token_set,high,ITV1 +1 London,100,ITV1 HD,100
ITV2,ITV2 HD,No,Commercial,UK-Specialty,National,UK,ITV plc,6,BST,Comedy; youth; reality,Family Guy; Celebrity Juice,Youth and entertainment focus,ITVX,Free-to-air,HD,English,Free-to-air,,ITV2 HD,itv2,,epgshare01.online,epgshare01.online,epgshare01.online_UK1.channels.xml,100,100,100,token_set,high,ITV2,100,ITV2 +1,100
ITV3,ITV3 HD,No,Commercial,UK-Specialty,National,UK,ITV plc,10,BST,Drama; mystery,Midsomer Murders; Vera,Classic British crime dramas,ITVX,Free-to-air,HD,English,Free-to-air,,ITV3 HD,itv3,,epgshare01.online,epgshare01.online,epgshare01.online_UK1.channels.xml,100,100,100,token_set,high,ITV3,100,ITV3 +1,100
ITV4,ITV4 HD,No,Commercial,UK-Specialty,National,UK,ITV plc,24,BST,Action; sports; retro,The Professionals; Tour de France,Sports and retro action,ITVX,Free-to-air,HD,English,Free-to-air,,ITV4 HD,itv4,,epgshare01.online,epgshare01.online,epgshare01.online_UK1.channels.xml,100,100,100,token_set,high,ITV4,100,ITV4 +1,100
Channel 4,C4 HD,Yes,Commercial,UK-Local,National,UK,Channel Four Television Corp,4,BST,Drama; satire; docs,Gogglebox; The Great British Bake Off,Flagship Channel 4 feed,Channel4.com,Free-to-air,HD,English,Free-to-air,,Channel 4,4,,epgshare01.online,epgshare01.online,epgshare01.online_UK1.channels.xml,100,100,100,token_set,high,Channel 4 HD,100,Eurosport 4 HD,100
E4,E4 HD,No,Commercial,UK-Specialty,National,UK,Channel Four Television Corp,13,BST,Youth; comedy; drama,Made in Chelsea; Brooklyn Nine-Nine,Youth-oriented Channel 4 feed,Channel4.com,Free-to-air,HD,English,Free-to-air,,E4 Extra,e4 extra,,epgshare01.online,epgshare01.online,epgshare01.online_UK1.channels.xml,100,40,100,token_set,high,E4 HD,100,E4,100
More4,More4 HD,No,Commercial,UK-Specialty,National,UK,Channel Four Television Corp,14,BST,Lifestyle; docs; property,Location Location Location; 24 Hours in A&E,Docs and lifestyle programming,Channel4.com,Free-to-air,HD,English,Free-to-air,,More4 HD,more4,,epgshare01.online,epgshare01.online,epgshare01.online_UK1.channels.xml,100,100,100,token_set,high,More4 +1,100,More4 +1,100
Film4,Film4 HD,No,Specialty,UK-Specialty,National,UK,Channel Four Television Corp,15,BST,Movies; indie; British cinema,Trainspotting; The Favourite,Free movie channel,Channel4.com,Free-to-air,HD,English,Free-to-air,,Film4 HD,film4,,epgshare01.online,epgshare01.online,epgshare01.online_UK1.channels.xml,100,100,100,token_set,high,Film4,100,Film4,100
Sky Showcase,Sky Showcase HD,Yes,Commercial,UK-Local,National,UK,Sky Group,106,BST,Drama; highlights,Cobra; The Lazarus Project,Flagship Sky channel,Sky Go / NOW,Subscription,HD,English,IPTV only,,Sky Atlantic HD,sky,,epgshare01.online,epgshare01.online,epgshare01.online_UK1.channels.xml,100,40,100,token_set,high,Sky Showcase,100,Sky Atlantic,100
Sky Atlantic,Sky Atlantic HD,Yes,Premium,UK-Specialty,National,UK,Sky Group,108,BST,HBO; prestige drama,Succession; House of the Dragon,HBO content in UK,Sky Go / NOW,Subscription,HD,English,IPTV only,,Sky Action,sky action,,epgshare01.online,epgshare01.online,epgshare01.online_UK1.channels.xml,100,46,100,token_set,high,Sky Action HD,100,Sky Adventure,100
Sky Max,Sky Max HD,No,Specialty,UK-Specialty,National,UK,Sky Group,113,BST,Comedy; drama; sci-fi,Avenue 5; Brassic,General entertainment,Sky Go / NOW,Subscription,HD,English,IPTV only,,Sky Atlantic HD,sky,,epgshare01.online,epgshare01.online,epgshare01.online_UK1.channels.xml,100,60,100,token_set,high,Sky Max HD,100,Sky Atlantic,100
Sky Arts,Sky Arts HD,No,Specialty,UK-Specialty,National,UK,Sky Group,130,BST,Arts; music; docs,Portrait Artist of the Year; Music Box,Cultural programming,Sky Go / NOW,Free-to-air,HD,English,Free-to-air,,Sky Arts HD,sky arts,,epgshare01.online,epgshare01.online,epgshare01.online_UK1.channels.xml,100,100,100,token_set,high,Sky Atlantic HD,100,Sky Arts,100
Sky Cinema Premiere,Sky Cinema Premiere HD,Yes,Premium,UK-Specialty,National,UK,Sky Group,301,BST,Blockbusters; new releases,Oppenheimer; Barbie,Flagship Sky movie channel,Sky Go / NOW,Subscription,HD,English,IPTV only,,Sky Atlantic HD,sky,,epgshare01.online,epgshare01.online,epgshare01.online_UK1.channels.xml,100,27,100,token_set,high,Sky Premiere,100,Sky Atlantic,100
Sky Cinema Drama,Sky Cinema Drama HD,No,Premium,UK-Specialty,National,UK,Sky Group,303,BST,Drama; romance,Little Women; The Father,Prestige drama films,Sky Go / NOW,Subscription,HD,English,IPTV only,,Sky Atlantic HD,sky,,epgshare01.online,epgshare01.online,epgshare01.online_UK1.channels.xml,100,31,100,token_set,high,Sky Drama HD,100,Drama,100
Sky Cinema Thriller,Sky Cinema Thriller HD,No,Premium,UK-Specialty,National,UK,Sky Group,304,BST,Thriller; suspense,Gone Girl; The Girl on the Train,Crime and psychological thrillers,Sky Go / NOW,Subscription,HD,English,IPTV only,,Sky Atlantic HD,sky,,epgshare01.online,epgshare01.online,epgshare01.online_UK1.channels.xml,100,27,100,token_set,high,Sky Thriller HD,100,Sky Atlantic,100
Sky Cinema Greats,Sky Cinema Greats HD,No,Premium,UK-Specialty,National,UK,Sky Group,305,BST,Classics; cult favorites,The Godfather; Casablanca,Timeless cinema,Sky Go / NOW,Subscription,HD,English,IPTV only,,Sky Atlantic HD,sky,,epgshare01.online,epgshare01.online,epgshare01.online_UK1.channels.xml,100,30,100,token_set,high,Sky Greats,100,Sky Greats HD,100
Sky Documentaries,Sky Docs HD,No,Specialty,UK-Specialty,National,UK,Sky Group,121,BST,Docs; real stories,Tina; The Disappearance of Madeleine McCann,Premium documentaries,Sky Go / NOW,Subscription,HD,English,IPTV only,,Sky Atlantic HD,sky,,epgshare01.online,epgshare01.online,epgshare01.online_UK1.channels.xml,100,30,100,token_set,high,Sky Documentaries HD,100,Sky Atlantic,100
Sky Witness,Sky Witness HD,No,Specialty,UK-Specialty,National,UK,Sky Group,107,BST,Crime; procedural,Law & Order; Chicago Fire,US procedural imports,Sky Go / NOW,Subscription,HD,English,IPTV only,,Sky Atlantic HD,sky,,epgshare01.online,epgshare01.online,epgshare01.online_UK1.channels.xml,100,42,100,token_set,high,Sky Witness HD,100,Sky Atlantic,100
ABC TV,ABC HD,Yes,Public,AU-Local,National,AU,Australian Broadcasting Corporation,2,AEST,News; docs; drama,Four Corners; Mystery Road,Flagship Australian public broadcaster,ABC iView,Free-to-air,HD,English,Free-to-air,,ABC Adelaide,abc adelaide,,epgshare01.online,epgshare01.online,epgshare01.online_AU1.channels.xml,100,40,100,token_set,high,ABC Brisbane,100,ABC Entertains Adelaide,100
SBS,SBS HD,Yes,Public,AU-Local,National,AU,Special Broadcasting Service,3,AEST,Multicultural; docs; drama,Insight; The Hunting,Multilingual and international content,SBS On Demand,Free-to-air,HD,English + Multilingual,Free-to-air,,SBS,sbs,,abc.net.au,abc.net.au,abc.net.au_adl.channels.xml,100,100,100,token_set,high,SBS,100,SBS,100
Seven Network,Seven HD,Yes,Commercial,AU-Local,National,AU,Seven West Media,7,AEST,Drama; reality; sport,Home and Away; The Voice Australia,Flagship commercial network,7plus,Free-to-air,HD,English,Free-to-air,,Food Network,food network,,epgshare01.online,epgshare01.online,epgshare01.online_AU1.channels.xml,73,64,73,token_set,low,Cartoon Network,70,Lifetime Movie Network,70
Nine Network,Nine HD,Yes,Commercial,AU-Local,National,AU,Nine Entertainment Co.,9,AEST,Drama; reality; news,Underbelly; Married at First Sight,Flagship commercial network,9Now,Free-to-air,HD,English,Free-to-air,,Cartoon Network,cartoon network,,epgshare01.online,epgshare01.online,epgshare01.online_AU1.channels.xml,73,66,73,token_set,low,Food Network,73,Lifetime Movie Network,73
Network 10,Ten HD,Yes,Commercial,AU-Local,National,AU,Paramount ANZ,10,AEST,Comedy; reality; youth,The Project; Taskmaster AU,Flagship commercial network,10Play,Free-to-air,HD,English,Free-to-air,,10,10,,abc.net.au,abc.net.au,abc.net.au_tsv.channels.xml,100,33,100,token_set,high,10,100,10,100
10 Peach,10 Peach HD,No,Commercial,AU-Specialty,National,AU,Paramount ANZ,11,AEST,Youth; sitcoms,Friends; Neighbours,Youth-oriented feed,10Play,Free-to-air,HD,English,Free-to-air,,10,10,,abc.net.au,abc.net.au,abc.net.au_tsv.channels.xml,100,40,100,token_set,high,10,100,10,100
10 Bold,10 Bold HD,No,Commercial,AU-Specialty,National,AU,Paramount ANZ,12,AEST,Drama; action,NCIS; Bull,Male-skewed drama feed,10Play,Free-to-air,HD,English,Free-to-air,,10,10,,abc.net.au,abc.net.au,abc.net.au_tsv.channels.xml,100,44,100,token_set,high,10,100,10,100
ABC ME,ABC ME HD,No,Public,AU-Specialty,National,AU,ABC,23,AEST,Kids; education,Bluey; Behind the News,Children�??s programming,ABC iView,Free-to-air,HD,English,Free-to-air,,ABC Adelaide,abc adelaide,,epgshare01.online,epgshare01.online,epgshare01.online_AU1.channels.xml,66,55,66,token_set,low,ABC Brisbane,66,ABC Entertains Adelaide,66
ABC News,ABC News HD,No,Public,AU-Specialty,National,AU,ABC,24,AEST,News; current affairs,ABC News Breakfast; The Drum,24-hour news channel,ABC iView,Free-to-air,HD,English,Free-to-air,,ABC News Adelaide,abc news adelaide,,epgshare01.online,epgshare01.online,epgshare01.online_AU1.channels.xml,100,64,100,token_set,high,ABC News Brisbane,100,ABC News Hobart,100
SBS Viceland,SBS Viceland HD,No,Public,AU-Specialty,National,AU,SBS,31,AEST,Youth; docs; alt culture,Huang�??s World; The Feed,Alternative and edgy content,SBS On Demand,Free-to-air,HD,English,Free-to-air,,SBS,sbs,,abc.net.au,abc.net.au,abc.net.au_adl.channels.xml,100,40,100,token_set,high,SBS,100,SBS,100
SBS World Movies,SBS World Movies HD,No,Public,AU-Specialty,National,AU,SBS,32,AEST,International cinema,Am??lie; Parasite,Global movie channel,SBS On Demand,Free-to-air,HD,Multilingual,Free-to-air,,SBS,sbs,,abc.net.au,abc.net.au,abc.net.au_adl.channels.xml,100,31,100,token_set,high,SBS,100,SBS,100
HGTV NZ,HGTV HD,No,Specialty,NZ-Specialty,National,NZ,Warner Bros. Discovery NZ,17,NZST,Home; design; lifestyle,Fixer Upper; House Hunters Intl.,NZ feed of HGTV,ThreeNow,VPN Required,HD,English,IPTV only,,HGTV,hgtv,,epgshare01.online,epgshare01.online,epgshare01.online_AU1.channels.xml,100,72,100,token_set,high,,,,
Sky Open,Sky Open HD,Yes,Commercial,NZ-Local,National,NZ,Sky NZ,4,NZST,Drama; lifestyle,Secrets at Red Rocks; Small Town Scandal,Free-to-air Sky content,SkyGo,VPN Required,HD,English,IPTV only,,Sky News Australia,sky news australia,,epgshare01.online,epgshare01.online,epgshare01.online_AU1.channels.xml,54,38,54,token_set,low,Sky News Australia Extra,54,Sky News UK,54
Sky Movies Premiere,Sky Movies Premiere HD,Yes,Premium,NZ-Specialty,National,NZ,Sky NZ,30,NZST,Blockbusters; new releases,Oppenheimer; Barbie,Flagship movie channel,SkyGo,VPN Required,HD,English,IPTV only,,Foxtel Movies Premiere,foxtel movies premiere,,epgshare01.online,epgshare01.online,epgshare01.online_AU1.channels.xml,88,78,88,token_set,medium,Foxtel Movies Premiere +2,88,SBS World Movies Perth,58
Sky Movies Drama,Sky Movies Drama HD,No,Premium,NZ-Specialty,National,NZ,Sky NZ,32,NZST,Emotional; character-driven,Little Women; The Father,Prestige drama films,SkyGo,VPN Required,HD,English,IPTV only,,Foxtel Movies Drama,foxtel movies drama,,epgshare01.online,epgshare01.online,epgshare01.online_AU1.channels.xml,85,74,85,token_set,medium,BBC Drama,71,Foxtel Movies Romance,59
Sky Movies Thriller,Sky Movies Thriller HD,No,Premium,NZ-Specialty,National,NZ,Sky NZ,33,NZST,Mystery; suspense,Gone Girl; The Girl on the Train,Crime and psychological thrillers,SkyGo,VPN Required,HD,English,IPTV only,,Foxtel Movies Premiere,foxtel movies premiere,,epgshare01.online,epgshare01.online,epgshare01.online_AU1.channels.xml,58,58,53,simple,low,SBS World Movies Sydney,57,Sky News Australia Extra,55
Sky Movies Greats,Sky Movies Greats HD,No,Premium,NZ-Specialty,National,NZ,Sky NZ,34,NZST,Classics; cult favorites,The Godfather; Casablanca,Timeless cinema,SkyGo,VPN Required,HD,English,IPTV only,,Foxtel Movies Greats,foxtel movies greats,,epgshare01.online,epgshare01.online,epgshare01.online_AU1.channels.xml,86,75,86,token_set,medium,Foxtel Movies Hits,57,SBS World Movies Perth,56
Sky Arts NZ,Sky Arts HD,No,Specialty,NZ-Specialty,National,NZ,Sky NZ,20,NZST,Arts; music; docs,Portrait Artist of the Year; Music Box,Cultural and creative programming,SkyGo,VPN Required,HD,English,IPTV only,,Sky News Australia,sky news australia,,epgshare01.online,epgshare01.online,epgshare01.online_AU1.channels.xml,55,41,55,token_set,low,Sky News UK,54,Sky Racing 1,52
BBC UKTV NZ,UKTV NZ HD,No,Specialty,NZ-Specialty,National,NZ,BBC Studios NZ,9,NZST,British drama; mystery,Death in Paradise; Luther,Cozy crime and UK imports,SkyGo,VPN Required,HD,English,IPTV only,,BBC UKTV,bbc uktv,,epgshare01.online,epgshare01.online,epgshare01.online_AU1.channels.xml,100,84,100,token_set,high,BBC UKTV +2,84,BBC Brit,54
ABC East,WABC-DT,Yes,Commercial,US-Local,Eastern US,US,Disney,7.1,Eastern,News; drama; comedy,Abbott Elementary; Grey�??s Anatomy,Flagship ABC feed,ABC.com / Hulu,Free-to-air,HD,English,Free-to-air,,KABC (Los Angeles) ABC HD West,kabc los angeles abc,KABCDT1.us@SD,directv.com,directv.com,directv.com.channels.xml,100,26,100,token_set,high,KABC (Los Angeles) ABC West,100,"Parkersburg, WV WCHS ABC 8 A3 HD",100
ABC West,KABC-DT,Yes,Commercial,US-Local,Western US,US,Disney,7.1,Pacific,News; drama; comedy,The Rookie; Station 19,Time-shifted ABC feed,ABC.com / Hulu,Free-to-air,HD,English,Free-to-air,,KABC (Los Angeles) ABC HD West,kabc los angeles abc,KABCDT1.us@SD,directv.com,directv.com,directv.com.channels.xml,100,26,100,token_set,high,KABC (Los Angeles) ABC West,100,"Parkersburg, WV WCHS ABC 8 A3 HD",100
CBS East,WCBS-DT,Yes,Commercial,US-Local,Eastern US,US,Paramount Global,2.1,Eastern,Drama; reality,FBI; Survivor; Blue Bloods,Flagship CBS feed,CBS.com / Paramount+,Free-to-air,HD,English,Free-to-air,,CBS Sports Network,cbs sports network,CBSSportsNetworkUSA.us@SD,directv.com,directv.com,directv.com.channels.xml,100,28,100,token_set,high,CBS Sports Network HD,100,KCBS (Los Angeles) CBS HD West,100
CBS West,KCBS-DT,Yes,Commercial,US-Local,Western US,US,Paramount Global,2.1,Pacific,Drama; reality,NCIS; The Amazing Race,Time-shifted CBS feed,CBS.com / Paramount+,Free-to-air,HD,English,Free-to-air,,CBS Sports Network,cbs sports network,CBSSportsNetworkUSA.us@SD,directv.com,directv.com,directv.com.channels.xml,100,28,100,token_set,high,CBS Sports Network HD,100,KCBS (Los Angeles) CBS HD West,100
NBC East,WNBC-DT,Yes,Commercial,US-Local,Eastern US,US,NBCUniversal,4.1,Eastern,News; drama; variety,Law & Order; The Voice,Flagship NBC feed,NBC.com / Peacock,Free-to-air,HD,English,Free-to-air,,KNBC (Los Angeles) NBC HD West,knbc los angeles nbc,,directv.com,directv.com,directv.com.channels.xml,100,26,100,token_set,high,KNBC (Los Angeles) NBC West,100,NBC Sports Bay Area,100
NBC West,KNBC-DT,Yes,Commercial,US-Local,Western US,US,NBCUniversal,4.1,Pacific,News; drama; variety,Chicago Fire; SNL,Time-shifted NBC feed,NBC.com / Peacock,Free-to-air,HD,English,Free-to-air,,KNBC (Los Angeles) NBC HD West,knbc los angeles nbc,,directv.com,directv.com,directv.com.channels.xml,100,26,100,token_set,high,KNBC (Los Angeles) NBC West,100,NBC Sports Bay Area,100
FOX East,WNYW-DT,Yes,Commercial,US-Local,Eastern US,US,Fox Corporation,5.1,Eastern,Reality; action,9-1-1; The Masked Singer,Flagship FOX feed,FOX.com / Hulu,Free-to-air,HD,English,Free-to-air,,Fox Business Network,fox business network,FoxBusinessNetwork.us@SD,directv.com,directv.com,directv.com.channels.xml,100,26,100,token_set,high,Fox Business Network HD,100,FOX Deportes,100
FOX West,KTTV-DT,Yes,Commercial,US-Local,Western US,US,Fox Corporation,11.1,Pacific,Reality; action,Hell�??s Kitchen; Alert,Time-shifted FOX feed,FOX.com / Hulu,Free-to-air,HD,English,Free-to-air,,Fox Business Network,fox business network,FoxBusinessNetwork.us@SD,directv.com,directv.com,directv.com.channels.xml,100,26,100,token_set,high,Fox Business Network HD,100,FOX Deportes,100
PBS East,WNET-DT,Yes,Public,US-Local,Eastern US,US,PBS,13.1,Eastern,Docs; arts; kids,Frontline; PBS NewsHour,Flagship PBS feed,PBS.org,Free-to-air,HD,English,Free-to-air,,A3 Parkersburg 65 PBS (Virt),a3 parkersburg 65 pbs virt,W51EGD1.us@SD,directv.com,directv.com,directv.com.channels.xml,100,20,100,token_set,high,PBS Kids,100,"Alabama Public TV - PBS (WAIQ) Montgomery, AL",100
PBS West,KCET-DT,Yes,Public,US-Local,Western US,US,PBS,28.1,Pacific,Docs; arts; kids,Nature; American Experience,Time-shifted PBS feed,PBS.org,Free-to-air,HD,English,Free-to-air,,A3 Parkersburg 65 PBS (Virt),a3 parkersburg 65 pbs virt,W51EGD1.us@SD,directv.com,directv.com,directv.com.channels.xml,100,20,100,token_set,high,PBS Kids,100,"Alabama Public TV - PBS (WAIQ) Montgomery, AL",100
The CW East,WPIX-DT,Yes,Commercial,US-Local,Eastern US,US,Nexstar Media Group,11.1,Eastern,Youth drama; fantasy,Walker; Superman & Lois,Flagship CW feed,CWTV.com,Free-to-air,HD,English,Free-to-air,,The CW,the cw,,tvinsider.com,tvinsider.com,tvinsider.com.channels.xml,100,100,100,token_set,high,The WB,83,The Cowboy Channel,75
The CW West,KTLA-DT,Yes,Commercial,US-Local,Western US,US,Nexstar Media Group,5.1,Pacific,Youth drama; fantasy,All American; The Flash,Time-shifted CW feed,CWTV.com,Free-to-air,HD,English,Free-to-air,,The CW,the cw,,tvinsider.com,tvinsider.com,tvinsider.com.channels.xml,100,100,100,token_set,high,The WB,83,The Cowboy Channel,75
HBO East,HBO East HD,Yes,Premium,US-Specialty,Eastern US,US,Warner Bros. Discovery,,Eastern,Prestige drama,Succession; The Last of Us,Flagship HBO feed,Max.com,Subscription,HD,English,IPTV only,,HBO 2 East,hbo 2,HBO2.us@East,directv.com,directv.com,directv.com.channels.xml,100,75,100,token_set,high,HBO 2 West,100,HBO Comedy HD,100
HBO West,HBO West HD,Yes,Premium,US-Specialty,Western US,US,Warner Bros. Discovery,,Pacific,Prestige drama,House of the Dragon; Barry,Time-shifted HBO feed,Max.com,Subscription,HD,English,IPTV only,,HBO 2 East,hbo 2,HBO2.us@East,directv.com,directv.com,directv.com.channels.xml,100,75,100,token_set,high,HBO 2 West,100,HBO Comedy HD,100
Showtime East,Showtime East HD,Yes,Premium,US-Specialty,Eastern US,US,Paramount Global,,Eastern,Drama; thriller,Yellowjackets; Dexter,Flagship Showtime feed,Showtime.com,Subscription,HD,English,IPTV only,,Showtime (E),showtime e,Showtime.us@East,directv.com,directv.com,directv.com.channels.xml,100,88,100,token_set,high,Showtime (W),100,SHOWTIME 2,100
Showtime West,Showtime West HD,Yes,Premium,US-Specialty,Western US,US,Paramount Global,,Pacific,Drama; thriller,Billions; The Chi,Time-shifted Showtime feed,Showtime.com,Subscription,HD,English,IPTV only,,Showtime (E),showtime e,Showtime.us@East,directv.com,directv.com,directv.com.channels.xml,100,88,100,token_set,high,Showtime (W),100,SHOWTIME 2,100
Starz East,Starz East HD,Yes,Premium,US-Specialty,Eastern US,US,Lionsgate,,Eastern,Action; drama,Power; Outlander,Flagship Starz feed,Starz.com,Subscription,HD,English,IPTV only,,STARZ Cinema HD,starz cinema,StarzCinema.us@East,directv.com,directv.com,directv.com.channels.xml,100,58,100,token_set,high,STARZ Comedy HD,100,STARZ East,100
Starz West,Starz West HD,Yes,Premium,US-Specialty,Western US,US,Lionsgate,,Pacific,Action; drama,Heels; Gaslit,Time-shifted Starz feed,Starz.com,Subscription,HD,English,IPTV only,,STARZ Cinema HD,starz cinema,StarzCinema.us@East,directv.com,directv.com,directv.com.channels.xml,100,58,100,token_set,high,STARZ Comedy HD,100,STARZ East,100
Starz Encore,Encore HD,No,Specialty,US-Specialty,National,US,Lionsgate,,Eastern,Classic films; series,The Big Chill; The Equalizer,Retro and cult content,Starz.com,Subscription,HD,English,IPTV only,,STARZ East,starz,Starz.us@East,directv.com,directv.com,directv.com.channels.xml,100,58,100,token_set,high,STARZ East HD,100,STARZ Encore,100
FX East,FX East HD,Yes,Specialty,US-Specialty,Eastern US,US,Disney,,Eastern,Drama; edgy comedy,Fargo; The Bear,Flagship FX feed,FXNow.com,Subscription,HD,English,IPTV only,,FX,fx,FX.us@East,directv.com,directv.com,directv.com.channels.xml,100,100,100,token_set,high,FX HD,100,FX Movie,100
FX West,FX West HD,Yes,Specialty,US-Specialty,Western US,US,Disney,,Pacific,Drama; edgy comedy,American Horror Story,Time-shifted FX feed,FXNow.com,Subscription,HD,English,IPTV only,,FX,fx,FX.us@East,directv.com,directv.com,directv.com.channels.xml,100,100,100,token_set,high,FX HD,100,FX Movie,100
FXX,FXX HD,No,Specialty,US-Specialty,National,US,Disney,,Eastern,Comedy; animation,Archer; It�??s Always Sunny in Philadelphia,Youth and animation-focused FX feed,FXNow.com,Subscription,HD,English,IPTV only,,FXX,fxx,FXX.us@East,directv.com,directv.com,directv.com.channels.xml,100,100,100,token_set,high,FXX HD,100,FXX USA - Eastern,100
AMC,AMC HD,Yes,Specialty,US-Specialty,National,US,AMC Networks,,Eastern,Thriller; horror,The Walking Dead; Dark Winds,Flagship AMC feed,AMC+,Subscription,HD,English,IPTV only,,AMC,amc,AMC.us@East,directv.com,directv.com,directv.com.channels.xml,100,100,100,token_set,high,AMC HD,100,AMC - Eastern Feed,100
TNT,TNT HD,Yes,Specialty,US-Specialty,National,US,Warner Bros. Discovery,,Eastern,Drama; action,Snowpiercer; Leverage: Redemption,Drama and sports,WatchTNT.com,Subscription,HD,English,IPTV only,,TNT,tnt,TNT.us@East,directv.com,directv.com,directv.com.channels.xml,100,100,100,token_set,high,TNT HD,100,TNT West HD,100
TBS,TBS HD,Yes,Specialty,US-Specialty,National,US,Warner Bros. Discovery,,Eastern,Comedy; variety,Miracle Workers; American Dad,Comedy and syndicated content,TBS.com,Subscription,HD,English,IPTV only,,TBS,tbs,TBS.us@East,directv.com,directv.com,directv.com.channels.xml,100,100,100,token_set,high,TBS HD,100,TBS West HD,100
Bravo,Bravo HD,Yes,Specialty,US-Specialty,National,US,NBCUniversal,,Eastern,Reality; lifestyle,Top Chef; Real Housewives,Flagship Bravo feed,BravoTV.com,Subscription,HD,English,IPTV only,,Bravo,bravo,Bravo.us@East,directv.com,directv.com,directv.com.channels.xml,100,100,100,token_set,high,Bravo HD,100,Bravo USA - Eastern Feed,100
E!,E! HD,Yes,Specialty,US-Specialty,National,US,NBCUniversal,,Eastern,Celebs; pop culture,E! News; Botched,Entertainment and celebrity news,EOnline.com,Subscription,HD,English,IPTV only,,A&E,a and e,AE.us@East,directv.com,directv.com,directv.com.channels.xml,100,25,100,token_set,high,A&E HD,100,E!,100
Syfy,Syfy HD,Yes,Specialty,US-Specialty,National,US,NBCUniversal,,Eastern,Sci-fi; fantasy,Resident Alien; The Ark,Science fiction and genre,Syfy.com,Subscription,HD,English,IPTV only,,SYFY,syfy,Syfy.us@East,directv.com,directv.com,directv.com.channels.xml,100,100,100,token_set,high,Syfy - Eastern Feed,100,SYFY,100
Paramount Network,Paramount HD,Yes,Specialty,US-Specialty,National,US,Paramount Global,,Eastern,Drama; action,Yellowstone; Mayor of Kingstown,Flagship Paramount feed,ParamountNetwork.com,Subscription,HD,English,IPTV only,,Paramount Network,paramount network,ParamountNetwork.us@East,directv.com,directv.com,directv.com.channels.xml,100,100,100,token_set,high,Paramount Network HD,100,Paramount Network USA - Eastern Feed,100
USA Network,USA HD,Yes,Specialty,US-Specialty,National,US,NBCUniversal,,Eastern,Drama; reality,Chucky; Temptation Island,Flagship USA feed,USANetwork.com,Subscription,HD,English,IPTV only,,USA Network,usa network,USANetwork.us@East,directv.com,directv.com,directv.com.channels.xml,100,100,100,token_set,high,USA Network HD,100,Cartoon Network USA - Eastern Feed,100
A&E,A&E HD,Yes,Specialty,US-Specialty,National,US,A&E Networks,,Eastern,Docs; reality,The First 48; Intervention,Crime and real-life stories,AETV.com,Subscription,HD,English,IPTV only,,A&E,a and e,AE.us@East,directv.com,directv.com,directv.com.channels.xml,100,100,100,token_set,high,A&E HD,100,E!,100
Investigation Discovery,ID HD,Yes,Specialty,US-Specialty,National,US,Warner Bros. Discovery,,Eastern,True crime; mystery,Disappeared; On the Case,Flagship ID feed,Discovery+,Subscription,HD,English,IPTV only,,Discovery,discovery,DiscoveryChannel.us@East,directv.com,directv.com,directv.com.channels.xml,100,56,100,token_set,high,Discovery HD,100,Investigation Discovery,100
National Geographic,NatGeo HD,Yes,Specialty,US-Specialty,National,US,Disney,,Eastern,Nature; science,Drain the Oceans; Genius,Flagship NatGeo feed,NatGeoTV.com,Subscription,HD,English,IPTV only,,National Geographic,national geographic,NationalGeographic.us@East,directv.com,directv.com,directv.com.channels.xml,100,100,100,token_set,high,National Geographic HD,100,National Geographic Mundo,100
Nat Geo Wild,NatGeo Wild HD,No,Specialty,US-Specialty,National,US,Disney,,Eastern,Wildlife; nature,World�??s Deadliest; Animal Fight Night,Animal-focused NatGeo feed,NatGeoTV.com,Subscription,HD,English,IPTV only,,Nat Geo WILD,nat geo wild,NationalGeographicWild.us@East,directv.com,directv.com,directv.com.channels.xml,100,100,100,token_set,high,Nat Geo Wild HD,100,Wild West TV,100
Smithsonian Channel,Smithsonian HD,No,Specialty,US-Specialty,National,US,Paramount Global,,Eastern,History; science; culture,Aerial America; Secrets Unlocked,Documentary and cultural programming,SmithsonianChannel.com,Subscription,HD,English,IPTV only,,Smithsonian Channel HD,smithsonian,SmithsonianChannel.us@East,directv.com,directv.com,directv.com.channels.xml,100,100,100,token_set,high,Smithsonian Channel USA HD,100,Smithsonian Channel Pluto TV,100
Cinemax,Cinemax HD,Yes,Premium,US-Specialty,National,US,Warner Bros. Discovery,,Eastern,Action; thrillers,Banshee; Strike Back,Flagship Cinemax feed,Max.com,Subscription,HD,English,IPTV only,,Cinemax,cinemax,Cinemax.us@East,directv.com,directv.com,directv.com.channels.xml,100,100,100,token_set,high,Cinemax East HD,100,Cinemax Latino HD,100
Starz Edge,Starz Edge HD,No,Premium,US-Specialty,National,US,Lionsgate,,Eastern,Action; edgy drama,Power Book II; Heels,Youth-oriented Starz feed,Starz.com,Subscription,HD,English,IPTV only,,STARZ East,starz,Starz.us@East,directv.com,directv.com,directv.com.channels.xml,100,66,100,token_set,high,STARZ East HD,100,STARZ Edge,100
Starz Cinema,Starz Cinema HD,No,Premium,US-Specialty,National,US,Lionsgate,,Eastern,Indie; foreign films,The Farewell; Amour,Art-house and international content,Starz.com,Subscription,HD,English,IPTV only,,STARZ Cinema HD,starz cinema,StarzCinema.us@East,directv.com,directv.com,directv.com.channels.xml,100,100,100,token_set,high,STARZ East,100,STARZ East HD,100
Starz Comedy,Starz Comedy HD,No,Premium,US-Specialty,National,US,Lionsgate,,Eastern,Comedy; sitcoms,The Big Sick; Superbad,Comedy-focused Starz feed,Starz.com,Subscription,HD,English,IPTV only,,Comedy Central,comedy,ComedyCentral.us@East,directv.com,directv.com,directv.com.channels.xml,100,66,100,token_set,high,Comedy Central HD,100,Comedy Central West HD,100
